"MEASURE - Growth rate, year-on-year"

PERIOD,"Jan. 1995","Feb. 1995","Mar. 1995","Apr. 1995","May  1995","June 1995","Jul. 1995","Aug. 1995","Sep. 1995","Oct. 1995","Nov. 1995","Dec. 1995","Jan. 1996","Feb. 1996","Mar. 1996","Apr. 1996","May  1996","June 1996","Jul. 1996","Aug. 1996","Sep. 1996","Oct. 1996","Nov. 1996","Dec. 1996","Jan. 1997","Feb. 1997","Mar. 1997","Apr. 1997","May  1997","June 1997","Jul. 1997","Aug. 1997","Sep. 1997","Oct. 1997","Nov. 1997","Dec. 1997","Jan. 1998","Feb. 1998","Mar. 1998","Apr. 1998","May  1998","June 1998","Jul. 1998","Aug. 1998","Sep. 1998","Oct. 1998","Nov. 1998","Dec. 1998","Jan. 1999","Feb. 1999","Mar. 1999","Apr. 1999","May  1999","June 1999","Jul. 1999","Aug. 1999","Sep. 1999","Oct. 1999","Nov. 1999","Dec. 1999","Jan. 2000","Feb. 2000","Mar. 2000","Apr. 2000","May  2000","June 2000","Jul. 2000","Aug. 2000","Sep. 2000","Oct. 2000","Nov. 2000","Dec. 2000","Jan. 2001","Feb. 2001","Mar. 2001","Apr. 2001","May  2001","June 2001","Jul. 2001","Aug. 2001","Sep. 2001","Oct. 2001","Nov. 2001","Dec. 2001","Jan. 2002","Feb. 2002","Mar. 2002","Apr. 2002","May  2002","June 2002","Jul. 2002","Aug. 2002","Sep. 2002","Oct. 2002","Nov. 2002","Dec. 2002","Jan. 2003","Feb. 2003","Mar. 2003","Apr. 2003","May  2003","June 2003","Jul. 2003","Aug. 2003","Sep. 2003","Oct. 2003","Nov. 2003","Dec. 2003","Jan. 2004","Feb. 2004","Mar. 2004","Apr. 2004","May  2004","June 2004","Jul. 2004","Aug. 2004","Sep. 2004","Oct. 2004","Nov. 2004","Dec. 2004","Jan. 2005","Feb. 2005","Mar. 2005","Apr. 2005","May  2005","June 2005","Jul. 2005","Aug. 2005","Sep. 2005","Oct. 2005","Nov. 2005","Dec. 2005","Jan. 2006","Feb. 2006","Mar. 2006","Apr. 2006","May  2006","June 2006","Jul. 2006","Aug. 2006","Sep. 2006","Oct. 2006","Nov. 2006","Dec. 2006","Jan. 2007","Feb. 2007","Mar. 2007","Apr. 2007","May  2007","June 2007","Jul. 2007","Aug. 2007","Sep. 2007","Oct. 2007","Nov. 2007","Dec. 2007","Jan. 2008","Feb. 2008","Mar. 2008","Apr. 2008","May  2008","June 2008","Jul. 2008","Aug. 2008","Sep. 2008","Oct. 2008","Nov. 2008","Dec. 2008","Jan. 2009","Feb. 2009","Mar. 2009","Apr. 2009","May  2009","June 2009","Jul. 2009","Aug. 2009","Sep. 2009","Oct. 2009","Nov. 2009","Dec. 2009","Jan. 2010","Feb. 2010","Mar. 2010","Apr. 2010","May  2010","June 2010","Jul. 2010","Aug. 2010","Sep. 2010","Oct. 2010","Nov. 2010","Dec. 2010","Jan. 2011","Feb. 2011","Mar. 2011","Apr. 2011","May  2011","June 2011","Jul. 2011","Aug. 2011","Sep. 2011","Oct. 2011","Nov. 2011","Dec. 2011","Jan. 2012","Feb. 2012","Mar. 2012","Apr. 2012","May  2012","June 2012","Jul. 2012","Aug. 2012","Sep. 2012","Oct. 2012","Nov. 2012","Dec. 2012","Jan. 2013","Feb. 2013","Mar. 2013","Apr. 2013","May  2013","June 2013","Jul. 2013","Aug. 2013","Sep. 2013","Oct. 2013","Nov. 2013","Dec. 2013","Jan. 2014","Feb. 2014","Mar. 2014","Apr. 2014","May  2014","June 2014","Jul. 2014","Aug. 2014","Sep. 2014","Oct. 2014","Nov. 2014","Dec. 2014","Jan. 2015","Feb. 2015","Mar. 2015","Apr. 2015","May  2015","June 2015","Jul. 2015","Aug. 2015","Sep. 2015","Oct. 2015","Nov. 2015","Dec. 2015","Jan. 2016","Feb. 2016","Mar. 2016","Apr. 2016","May  2016","June 2016","Jul. 2016","Aug. 2016","Sep. 2016","Oct. 2016","Nov. 2016","Dec. 2016","Jan. 2017","Feb. 2017","Mar. 2017","Apr. 2017","May  2017","June 2017","Jul. 2017","Aug. 2017","Sep. 2017","Oct. 2017","Nov. 2017","Dec. 2017","Jan. 2018","Feb. 2018","Mar. 2018","Apr. 2018","May  2018","June 2018","Jul. 2018","Aug. 2018","Sep. 2018","Oct. 2018","Nov. 2018","Dec. 2018","Jan. 2019","Feb. 2019","Mar. 2019","Apr. 2019","May  2019","June 2019","Jul. 2019","Aug. 2019","Sep. 2019","Oct. 2019","Nov. 2019","Dec. 2019","Jan. 2020","Feb. 2020","Mar. 2020","Apr. 2020"
"COMMODITY",
"All groups","..","..","..","..","..","..","..","..","..","..","..","..",6.3219639366,12.4109648176,7.7055162052,4.6263345196,3.2148900169,3.6829636011,8.822872459199999,7.2723253758,9.545957918099999,15.0189689801,11.9499568594,11.8979003705,8.990600735599999,-5.7603686636,-4.1052212037,-6.6226490596,0.3073770492,-2.3888658081,-4.0845648604,-2.1842159489,-3.0125353821,-4.4043461389,-6.8786127168,-17.6784400294,-21.4660667417,-15.8516707416,-16.9160432253,-12.96335976,-17.2625127681,-19.0466056608,-18.9385833512,-22.5826838003,-21.0548259329,-24.9847777552,-25.1189737223,-24.1117318436,-16.853664359,-19.1525423729,-11.9059529765,-5.5883801083,-4.5925925926,1.9190325973,8.6589229145,19.156462585,21.2305254819,25.7575757576,32.5504282951,43.9929328622,42.0040195234,55.4058101228,47.8989210676,27.7444589309,39.3115942029,47.3304101109,35.3255587949,31.1943366065,34.2626878676,31.1531841652,30.5399207838,28.3231083845,24.9696724626,12.1988822509,5.6056824726,13.3904878547,3.6039383244,-5.3396358543,-10.1077199282,-12.1148825065,-21.7229072031,-28.280839895,-32.7850526988,-32.8924302789,-31.4835787089,-26.0391618001,-12.2886747864,-8.946894689500001,-9.0550475166,-8.304050305200001,0.7189934092,1.4656367598,12,25.0457456542,23.5923022096,35.0273094277,44.7933884298,58.151416628,27.7720207254,10.873863187,14.7673501577,19.5643404599,16.1213563355,16.8455982823,5.9955588453,9.877446497199999,15.8208381392,14.1399929652,8.871493803,-3.671071953,11.3544201135,23.7517831669,26.1295310084,20.867071525,25.1195355191,26.8793852322,29.7311452514,35.6084568004,27.601659751,17.5654853621,21.0155781905,26.7987804878,32.8332119446,32.2334293948,19.4906020158,32.58897418,34.6935990173,41.8301514154,53.2229847934,38.5588018659,35.7570239334,46.4351245085,37.467508355,29.5744169271,18.2147165259,27.6343031492,34.2984155933,21.6421052632,22.8189279562,13.6372075752,-5.1027577727,-5.1032160893,6.4003066015,0.250604135,-5.2674230146,4.045277417,6.094619666,3.1930333817,3.2592089628,6.4209068882,3.803316558,-0.7679111184,18.6857936141,26.9349267109,31.9675821702,30.3812159629,46.9537116244,44.2660959515,51.9366966862,50.8811119384,62.6006904488,70.87331273380001,68.51057065649999,53.4617601054,31.3318777293,0.7869961753,-20.702831798,-29.8000547795,-33.8011771554,-39.8380516751,-43.3101225758,-45.3199539398,-45.4605196643,-43.5376415723,-46.5993774172,-34.6440641596,-29.9133119582,-7.7355323652,12.9937182687,31.2817011315,36.0723009282,39.2479194493,40.4019896457,44.5046129162,26.5084808601,13.9738727349,18.5921215333,13.3382582287,18.5869196882,16.0009491418,16.1602315132,20.3284047849,21.4906297121,31.0410979119,33.6996601836,35.2116585704,36.1931277017,37.0849663536,41.2303567439,33.8644264195,31.6188026861,21.0555025228,17.43919229,8.2618092004,5.4196217494,4.8592342342,3.2446463335,-5.0092383494,-6.1003819463,-13.5019959003,-11.6331804039,-5.296472625,-3.5714285714,-0.1858736059,-2.2051024396,-0.5703530485,-0.1737960419,-2.5935670945,-8.5428451708,-8.7205532743,-4.9785161845,1.9956345494,-1.0801456108,-3.1533847472,-4.1765169425,-5.1407934089,-4.7494006165,-2.4379051225,-5.846343929,-5.5678059537,-3.6939465094,-0.8109387948,0.9345230918,2.934882299,-0.9833494208,-6.0579248511,-10.0681390977,-14.7352766211,-19.7830516601,-30.7855126999,-38.6400238592,-36.0303561004,-36.48905804,-35.4240019096,-32.2860044203,-34.4698544699,-36.9463230366,-41.2030641718,-39.3403004572,-35.0240703272,-35.1961150542,-32.9595650697,-29.6976766793,-31.438218653,-23.5674157303,-20.7374549487,-19.9188426253,-14.1406816534,-9.5178278095,0.9611277232,2.4227414666,7.1727692473,12.1627853355,35.3395843893,50.5807522124,44.855583655,27.5878966066,21.942404104,12.4146287729,2.8505067568,6.3754805639,9.5938227205,13.4356602187,9.317703636899999,17.8127248433,8.098492650500001,13.3149678604,8.618946981500001,13.8454152664,18.1374892437,25.6344928956,30.4762882365,25.1681558076,19.7181739214,20.203892493,21.1987902117,4.6065259117,-3.5769963624,-9.246353322499999,-1.8695541832,-0.7759129628,-2.2013596633,-7.4799157632,-11.9266776807,-8.662175168399999,-12.2621734924,-13.2536622976,-16.9842710224,-5.7297748123,3.8713733944,2.0001785874,-9.9568965517,-29.2477688058,-39.1840450182
"  All food ","..","..","..","..","..","..","..","..","..","..","..","..",-2.9845201238,-0.4608294931,-3.1003039514,1.158445441,3.0238660502,0.5331680099,-1.0618594888,-1.7327975892,-0.4418453541,-5.6074766355,-5.5805580558,-4.1113713245,-1.9147306612,-0.0875875876,4.5420326223,2.9553010713,3.1412977562,-0.3823384312,-0.8111818295,-0.3194479939,1.8274376713,5.6422080564,7.5854555359,9.145183175,4.4508068714,0.8140262993,-6.3130100816,-7.4512618108,-10.8419567262,-11.2046551938,-10.9335681933,-11.806178695,-14.5878733496,-14.5718320709,-14.9493670886,-16.5340626554,-16.907550461,-21.9875776398,-22.1752498078,-23.3005944689,-21.6697441308,-18.3909648634,-21.867495409,-17.2965116279,-13.7775776677,-13.7811842501,-12.7846405715,-11.2451593685,-11.3210376368,-6.1624203822,-2.9958847737,0.5223251896,0.5893248022,0.1708525542,6.2194901464,1.5817223199,-0.7310704961,-0.7320899425,-3.9931740614,-4.7323376405,-3.2296246195,-4.5477685389,-5.9901578144,-9.453570231300001,-8.034817542700001,-8.4939450793,-2.9276595745,-2.9238754325,-6.2247939681,-11.6417910448,-6.914326342,-7.1692795491,-6.7621876638,-7.1644444444,-3.6281588448,-1.6290262866,-4.4412085912,-1.9012115564,-3.9628265825,-1.9069684548,5.9648466717,13.7917329094,12.1634523582,11.6888045541,12.5187406297,16.0283416316,10.0393332085,12.2694768536,13.0857142857,10.3173095193,4.4732517802,4.7056686047,3.0527616023,7.1253929445,7.7119509704,8.834522595999999,9.826782145199999,11.2724872091,20.970212766,15.3369091519,10.8472292404,10.9369617637,11.1324711639,8.814853375,6.8835616438,0.7173133355,0.0474158369,1.3112706837,-1.152562936,-1.1124295461,-1.561840439,-0.3778520564,3.4645190701,7.9490762304,8.9322220475,8.005102854400001,7.3534123678,10.7154418906,7.4249605055,8.2434514638,13.6851795029,15.6892155392,8.37621498,11.9183078045,13.731825525,9.3197181073,12.0109715606,10.7042669423,7.9391135651,6.9005847953,13.2794117647,11.0604982206,5.3576248313,2.9949436017,3.9435505144,2.685088634,3.7964876033,9.722404946699999,9.833741461500001,14.4971992531,23.7937232131,26.3812910284,25.2888485006,28.6080492181,36.2495196618,47.3439073515,53.0135769572,58.9870525514,56.9420253794,56.03117506,52.9101149965,40.9900990099,27.8088005361,3.8199329077,-7.211687908,-12.7366952362,-11.3659866504,-20.6834686032,-22.9040550626,-23.5209580838,-18.7237415775,-20.6101590717,-21.633028931,-10.1536682089,-8.441104508900001,9.6310193871,20.3908431044,27.4326176336,20.2800169707,18.7850064627,11.8640421641,6.1279883078,-1.9506485907,-0.7356499855,5.3956130043,3.9356321839,14.2870776866,19.0340368891,21.8347092106,24.7087291629,28.5626102293,35.8269858542,39.25,42.5929569152,40.5948473093,39.0443686007,34.2748304376,28.0633460143,17.5198329854,6.6932907348,1.2333460221,-6.1013295005,-9.698881953500001,-10.8618732893,-7.2089490402,-7.3330573951,-7.1954153106,-10.2040816327,-3.9510102408,-5.5267702936,-3.8868755773,-2.6875280731,-4.8582387005,-3.5971223022,-3.8815039878,-5.1153385261,-7.1141538919,-9.2309982878,-9.201799191899999,-7.5210871603,-16.0723290829,-16.2559414991,-14.2762087831,-10.9700746211,-7.9124179907,-6.9069545888,-7.8157104473,-6.8592627674,-0.4887037334,1.0907897974,2.8295549958,1.3934633899,2.678111588,4.2787286064,-0.5778352738,-0.1123304243,-1.0557939914,-3.9570185912,-5.0921560223,-8.2796610169,-16.1742210772,-16.3800097355,-17.147056422,-16.8082625354,-16.084266845,-20.7502930832,-19.8820263706,-17.4567474048,-17.8450594257,-15.6988101581,-15.3915635444,-12.7783424189,-5.6665386093,-3.5509847676,2.0301566966,9.2310772928,7.2225542937,13.0917159763,17.1177999134,13.6134982184,13.5902851109,12.1971771645,17.0492153304,13.8771186441,5.8440236204,2.5651342923,-0.0289771081,-6.4619615032,-4.0416240825,-6.3907315706,-7.9504483683,-8.864495895199999,-7.7159059217,-8.674427337599999,-9.5038307187,-6.8186046512,-2.2027702963,-0.2746174971,-2.193236715,-5.5756981872,-10.5344694036,-9.172572112999999,-10.5955609119,-6.7408906883,-8.0487559182,-5.9210526316,-6.5813344084,-7.4074074074,-9.698042687099999,-9.8544453186,-10.9552504198,-3.102947281,2.0346320346,1.3296703297,3.6283981128,2.2899934882,7.6029798422,11.0358391608,10.2492178229,7.4824797844,4.4330682932,2.640192014
"    Food ","..","..","..","..","..","..","..","..","..","..","..","..",0.5320465231,3.0310559006,2.7093294103,4.6167356668,5.1687632333,2.7369182542,2.0933014354,-0.5205751116,-0.652173913,-6.1905952976,-5.0533265617,-5.099471166,-4.8369230769,-6.3178201109,-5.9799474815,-6.2957189111,-8.3964945523,-9.552869381500001,-10.4276508494,-3.6257164216,-2.4456171966,1.3731502466,2.8082374967,2.8525938702,-0.8277289188,-2.2265122265,-4.6464389996,-3.493729204,-3.1544925663,-6.9157908395,-6.9326357096,-11.4932126697,-14.0387913973,-15.0447133088,-15.9859521332,-16.0990712074,-13.6150234742,-16.7697775438,-18.4662495007,-22.1456040313,-20.4912561741,-15.6398104265,-17.1749824315,-12.5620800467,-7.9355333845,-7.8018575851,-6.347731847,-5.8733087331,-6.7179951691,-1.8029416416,0.4572175049,6.5576562766,7.5050369375,7.2207534699,12.4893941965,10.4911460074,7.1190396799,9.754869039600001,6.4473466689,6.484808886,8.124291956600001,6.1845707843,5.1202860858,1.9181585678,2.8424176167,-1.8801047927,-0.135767084,-4.1427275476,-4.5914396887,-11.6414257305,-7.3924522441,-8.6669734622,-9.519533004,-11.5425451236,-8.8139786609,-9.080928481799999,-13.8952164009,-12.8317889116,-13.5649546828,-11.0252365931,-5.7096247961,1.6793628809,-0.77142378,-0.7222035606,0.5624483044,6.755829904,3.0184839749,5.5890978092,6.8253968254,7.8918918919,3.3554701153,5.3359333452,-0.4844290657,-2.1283841308,-0.6253168836,0,-1.5627570324,-3.7744940572,2.7983539095,4.5580787453,4.1439656596,5.9285237141,8.5052417991,6.6812521037,8.466620305999999,9.9686847599,7.9931972789,9.6092031805,10.4278074866,11.9178768152,8.1825460368,4.015625,4.9778059607,5.880498187,7.2775440237,8.266288058100001,11.3640006411,12.6720455624,10.8503937008,14.9251427689,19.7487893462,25.8314690529,23.4310242747,27.0091632868,28.5412262156,23.7194758785,22.777454968,14.8040215649,8.5780080599,6.1639988767,9.7457025146,3.7469782434,-2.9571591053,-8.320493066299999,-7.9625854419,-11.1886457717,-11.7716165414,-8.5569864003,-8.625177472800001,-1.5230359183,4.3610816543,5.1448221135,5.4239482201,10.925566343,17.1897382472,27.032967033,36.8208469055,56.8251431615,56.2050599201,52.9481442485,53.075229833,47.3901275938,39.2480630001,22.0125786164,12.0825147348,4.2011903373,4.9005445049,-3.3787909628,-8.732501666499999,-19.1661005435,-14.4574205098,-12.0901815679,-12.7727964811,-6.566981462,-2.6087749704,8.835051546400001,17.5723049956,25.1091947587,23.2838983051,19.7177164525,5.7595993322,2.2586406135,-4.0857000498,-4.0426781519,-0.2618308766,0.5053813758,10.0683712653,16.2356730132,19.0178904212,20.6337839048,19.599587558,25.1715643146,33.3958168903,38.2062872406,33.5168831169,36.7846577578,35.0024307244,29.4999534407,15.7420013615,7.8559204629,2.4113364127,-5.5506084892,-8.535095912099999,-8.9056020243,-3.4612824495,-5.2330335241,-2.2410707338,-7.3308971586,-4.5732805185,-7.2697202847,-7.0945449199,-4.9263316963,-4.3345309992,-2.0584538026,-2.3878721232,-4.5601851852,-4.8188155979,-4.6670327084,-2.5630820664,-2.6235313053,-9.584905660400001,-9.9255583127,-9.1714805729,-7.4703965668,-7.1599808215,-7.4201828975,-8.409109197699999,-5.1257175196,-3.7186091436,-2.3942734902,-2.5161343028,-2.1404958678,1.4941569282,5.3202479339,3.1799965151,1.1594949755,0.7144086762,-0.8838055628,-0.9049376208,-6.2292288027,-11.2606587527,-11.2281884852,-14.4054303193,-17.1607127776,-18.3567727609,-24.1866928233,-23.440006755,-20.3515028018,-19.25476455,-17.4403356937,-16.827732955,-14.7400945111,-7.5270843146,-6.9319152977,1.2923438418,11.4996431848,9.6403747356,16.4528301887,20.8889379067,18.1217354227,14.3099068586,12.0923337569,17.7273211811,17.5335749307,7.9665851671,5.4280175492,2.3487338102,-4.2333363811,-4.4377067255,-8.471437829799999,-11.0938782958,-12.9681436693,-9.287037036999999,-8.0389193274,-9.8333936979,-10.0027205949,-4.5857709002,-2.8839639988,-4.4574558504,-7.103303418,-10.5278338621,-6.9289904916,-6.5674704977,-2.1153048528,-4.6646932735,-2.5372367745,-3.765816429,-3.43611447,-4.647943038,-3.5774788241,-5.0607887714,2.3329907503,7.4683000215,5.4994022389,5.6452498627,4.1101694915,9.892933618800001,10.0337268128,9.996869456300001,9.2351038297,3.2047293093,1.5192228193
"    Tropical beverages","..","..","..","..","..","..","..","..","..","..","..","..",-25.1229465313,-18.1427072403,-24.4262622231,-22.5132490828,-18.1447821999,-15.5971580016,-16.8232077042,-19.6184670956,-15.3170119272,-10.5249513934,-10.3421156115,-1.2001778041,4.4019005031,13.6777336239,31.4628993927,33.447323425,58.6268504339,42.8514163549,36.9353916524,34.7001825586,45.0259451446,31.6239316239,30.8479532164,47.6604679064,34.587070004,14.8849797023,-8.205282715699999,-14.5180366647,-35.3901850362,-31.7463286877,-27.2651356994,-25.135529608,-30.1369863014,-25.5227823024,-23.4748603352,-29.5551492992,-31.6459472899,-35.9049862583,-29.8249452954,-29.0210999654,-21.0310048562,-14.8828285597,-19.2881745121,-23.0330037599,-20.9101551068,-15.8859169499,-7.3441378303,-1.9896193772,-9.704641350199999,-8.330781010700001,-8.2319925164,-8.2683560754,-11.3528855251,-14.2167122847,-4.3029871977,-10.6386828297,-8.6031452359,-14.4764581869,-27.040655531,-35.9958811415,-28.6174669675,-24.6909455396,-25.2633367312,-26.6867363202,-24.1906794735,-25.5818318318,-29.3199554069,-22.2514679085,-26.4574898785,-27.8553820871,-18.8336933045,-13.1234199035,-12.8216704289,-10.3815439219,0.2045919527,5.7487922705,-3.3083059596,3.1273644388,10.9621451104,9.791666666699999,26.8373245252,35.7061503417,25.7051623204,24.417989418,27.990678405,22.6485148515,3.2894736842,6.9209684788,12.5212327105,5.5514795794,4.667140488,7.1869070209,0.7595486111,-5.707091901,-5.0804403048,-0.8930469913,1.5577584463,1.9576185671,9.202723478999999,2.2003845332,4.291567824,16.4967562558,8.3295608873,8.6966142952,10.3381434417,10.0801068091,21.721677074,27.0971894443,20.1394422311,31.9675376089,45.4545454545,45.1086956522,42.1215880893,33.3333333333,31.2369410781,27.0358306189,14.2494632052,23.5698403073,14.4924880909,4.9291019581,19.4992538551,9.3145342733,-5.5171460177,0.1296456353,-1.1348756002,-2.1479713604,6.8938067187,12.6121794872,16.6068682727,10.2895468673,16.210593695,21.3963963964,2.7889551825,1.3583973655,5.1953753842,3.1793986477,5.5481972038,15.487804878,13.2707774799,8.068877188,16.0293040293,20.8098487096,9.8870834481,9.8065200106,18.5070194384,35.0074455124,33.4028937117,27.7607361963,28.3184606804,28.7882787751,29.1387245233,29.5891493284,19.6994570021,-1.0681399632,-3.8220551378,-7.2531981656,-4.522155143,-16.7652662188,-14.537490875,-6.0133144167,-0.217320439,-6.6721328277,-7.4737806741,-3.8207499238,1.2554066885,21.9657483246,30.3973941368,35.8100195185,24.504891434,22.3948921817,22.9286150092,17.7426846261,8.602853098100001,18.0979573907,23.5281170903,21.2889593238,20.2646384663,16.921041921,20.8733013589,21.1555044553,32.1962437716,46.7716535433,53.1268612269,54.3096646943,53.6749222902,36.6654268179,29.719376392,28.4146341463,25.1754309971,16.4650596119,10.3414069604,2.3329379201,-6.5598724268,-16.0005364807,-23.8493452612,-27.5707803413,-27.1238418374,-28.8698373818,-22.3954398736,-25.7088590422,-23.1849955014,-20.5409848315,-23.1495355109,-22.8361669243,-22.3954697075,-22.3774548938,-18.8814165319,-16.8004941322,-15.8205748053,-16.3669408839,-22.3628318584,-20.142439737,-23.5606811424,-21.7791987963,-20.8130239813,-14.7421131698,-11.3554578169,6.0989406562,23.2133487249,28.0411496447,22.7930227611,25.3116779138,26.3763820814,33.6153670249,34.8066949552,43.6402981486,38.8895728179,27.2406907083,20.8389715832,1.3474214812,-16.1655736309,-17.0545846103,-13.1398873971,-6.7360350493,-9.840353567199999,-14.846825261,-16.2630060331,-17.5343153666,-14.1464279383,-10.8474889217,-15.7241508025,-14.337637494,-5.6690033526,-8.597962852,-7.1499800558,-4.0027402623,1.0004001601,-0.1808863431,6.3485433852,3.9581853243,8.104480693799999,-1.0976493735,11.2833573248,11.0428762841,4.0495422725,2.9826286463,-0.5047792933,-6.6775410337,-7.2503961965,-5.2451424544,-9.150711831100001,-10.8757200039,-13.7331677968,-8.7634802638,-10.855721393,-9.270990447499999,-6.0035193044,-3.3736473584,-1.7810880829,-4.9705046974,-10.305425032,-15.2889927752,-15.9515832703,-7.9855405849,-6.9080039854,-9.272435161800001,-11.0280165197,-11.9029147734,-14.5468560731,-14.0425999122,-13.7707440378,-5.8857339924,-1.4168353375,-1.8060955726,3.4332004629,-3.5,3.2346295636,16.1649380218,9.8732906787,8.2022895962,12.3840206186,10.8442968451
"    Vegetable oilseeds and oils ","..","..","..","..","..","..","..","..","..","..","..","..",6.8559556787,6.1081535444,2.281420765,12.9902994517,15.086328899,7.4043261231,2.8923406535,8.3184380586,9.1778202677,-1.6967126193,-3.8101430429,-3.7823234272,0.0907323396,3.7364668603,9.4964605316,3.2101530422,-6.4190850959,-6.5969532662,-1.7829255596,-12.439705509,-11.6712534401,-0.5663430421,3.690685413,0.6551678032,-2.9526029526,-3.0036909762,-7.7701878507,-8.9933694997,-1.6688567674,-1.8935729095,-6.1878892275,-1.8846042331,-3.3564650899,-6.0618388934,-7.4706649283,-7.6647183847,-11.5158793702,-20.4435113502,-23.3434730856,-21.5790170884,-24.1213417079,-25.302902226,-31.5254237288,-22.1778959811,-19.4460726846,-22.3184639815,-25.9546287164,-25.2337793123,-20.2533554517,-12.7329704767,-6.038647343,-4.6621621622,-4.4205706235,-4.2248208223,-0.1237623762,-8.733624454099999,-11.1697289431,-12.6742241219,-9.0770694577,-4.4063883009,-9.360816944,-13.5324135324,-15.9199412413,-21.6158752658,-20.8033904551,-13.0169358015,7.1458075176,11.3376326191,1.6178578743,-2.0429878698,0.7534533278,-0.8051529791,3.0669726685,5.6174863388,6.9447477615,13.178119349,20.1023731968,22.9567579805,11.1218195837,12.0702541106,22.3901652559,30.6973712796,34.0673036975,32.2037337662,31.0931174089,32.3675496689,28.2009393506,28.4002396645,25.319643549,16.6635978641,6.3660017346,2.667555852,9.929194796599999,28.6402925532,26.340254106,26.7843438219,32.0259419395,40.8849280801,56.4351704364,38.6063151345,24.455093523,17.0454545455,16.6503587736,12.4715816824,3.1156381067,-14.3170952319,-16.7279862644,-17.3123486683,-22.3625730994,-26.7339917878,-25.8833112718,-19.7620917967,-11.8246180599,1.213592233,3.0476723053,-0.115506786,-1.9029633934,1.9755692957,-1.3696612666,-1.1127379209,0.1958421211,1.4086640412,-8.064294545999999,-6.013986014,-2.1129736583,-7.2608579803,-3.025369692,2.67418329,2.547016141,6.5069506063,18.1872480215,19.6772283092,24.1467448504,28.8125466766,29.0197250448,32.7529761905,35.9907900417,44.6343916104,45.9429210968,49.0215401943,64.9675090253,68.18939183560001,67.1004421984,67.96981318820001,76.1414557345,85.0649350649,87.36391012279999,76.44882860670001,70.31746031749999,71.7123559793,62.5766871166,37.4964572508,17.2969187675,-15.0994798976,-29.0639649176,-33.2400383001,-31.2362486249,-40.6077694236,-41.7506336156,-34.9787179976,-30.164647406,-35.0590004627,-37.0400943396,-17.4934725849,-20.6567164179,5.4259043174,20.4966958005,27.360988526,13.3486651335,15.3497204346,17.2025894089,6.8001954079,-3.5320284698,-4.1774294112,6.1341075108,1.4490339773,18.6042136945,24.8847076185,26.9880583812,33.41995842,42.6605504587,49.3140662155,41.4070988772,43.2256884091,44.6647606751,43.9672801636,35.6745786641,25.6854375308,16.4076130056,0.1255539143,-4.959598774,-10.8881963381,-12.9668562948,-11.1723631018,-3.5025933278,1.0283597343,-3.1748055591,-4.4421487603,6.9654006243,8.28815884,12.1057292731,11.1455336726,4.4415127529,4.2550091075,3.4245115453,2.5168942215,-5.3483742535,-12.5371435797,-15.9599683961,-11.1148648649,-22.7093086885,-23.3474065139,-17.5376762275,-11.7202017521,-3.7684210526,-3.0330561185,-5.5574637631,-14.1857805879,-4.6130117779,-4.0552262542,3.3531808211,-2.0144431775,-4.6806167401,-8.883468408200001,-18.7103905674,-17.5988573147,-17.1516079632,-19.2864864865,-20.628455048,-15.9821288603,-23.7027781861,-24.0337527311,-23.438447544,-21.1016291699,-15.358587109,-17.8238341969,-15.3567219654,-11.9879573032,-17.3840330957,-15.2781498348,-12.646627566,-8.4242933109,-2.3504479337,5.4448080928,8.5148514851,12.9695181908,6.5717628705,15.2690205969,17.0397343901,11.5683632217,15.5550820371,20.0990725126,18.9991607218,9.260391198000001,3.2159416001,-2.2385252069,-3.7408759124,-10.0443902864,-1.6559926807,-3.4187254991,-1.8484626647,-0.4273901329,-1.6872579753,-9.653356735399999,-8.2341532223,0.1585081585,3.9854726178,5.8687704445,1.5829383886,-3.2027092404,-10.6521536887,-9.7036058146,-14.3203430916,-13.3526173369,-14.011066304,-9.888295289,-9.097896051499999,-11.6086389872,-15.5606617647,-17.8571428571,-19.2684519922,-10.9056377449,-5.4144106622,-4.1605686807,0.239390642,2.0137841913,5.7912531356,10.337393554,10.8750792644,4.065297525,2.8627408294,0.6859165837
"  Agricultural raw materials","..","..","..","..","..","..","..","..","..","..","..","..",-10.1891161714,-8.675274988,-17.940647482,-16.5937238104,-13.494021636,-10.2312897687,-1.9545053004,-3.5795148248,1.8766756032,-1.3124794925,-8.1605419832,-7.8534571723,-5.2105715514,-7.8969417679,-3.397260274,-4.0973540248,-5.144800351,-2.5315031503,-4.6964748282,-6.3960639606,-10.1096491228,-11.7366729469,-12.3952162736,-16.3400156792,-18.6331179871,-15.5446895611,-19.0584231424,-18.3818393481,-19.7756447323,-22.3594597714,-22.0751595368,-23.4380599689,-21.4808489876,-18.4078352587,-18.423067109,-13.7751004016,-7.3965733389,-12.1583411876,-9.880868955900001,-7.5452859792,-5.5499495459,-2.4977698483,-2.4719441917,2.6213137775,5.623737766,6.5866420437,12.3866124492,8.9116596802,5.2496991576,7.2501532802,7.9937791602,7.5439679111,4.6550671551,3.1107044831,4.5405069196,4.8806446708,2.2797470216,-0.4331504476,-4.0217088784,-1.6250890948,-2.8297841932,-3.058453623,-5.3715437788,-6.039305695,-4.856351174,-4.9837326235,-7.3776587833,-9.712960278300001,-11.6623526028,-13.5585846868,-13.6726112803,-14.5341254891,-12.4282982792,-11.0865398791,-3.8350327195,-3.8778625954,-1.1955855303,6.8638132296,12.6063915208,12.7970456005,16.8321666938,17.8829055528,18.9788377561,21.3292641573,19.73463218,19.7479688277,14.7966450388,12.4523506989,8.206639776599999,1.4418875619,-0.0855675984,2.5480427046,6.1585620733,17.6319908923,17.2642574816,15.6791503633,17.4779071399,16.3528108557,15.0399779432,17.0480225989,16.1003584229,15.104091888,11.8469882957,8.2315380344,2.8087675548,-3.8470844423,-3.3345371374,-1.6670693404,-1.7432835821,-0.7854337737,0.5991611744,0.1810063956,3.0130896518,4.8896095796,10.0944359367,11.2992176478,14.7580748117,13.9783593357,11.8555417186,12.6167076167,15.5425932677,18.8437087681,17.3793924955,19.7301854975,25.9290338048,31.5852063266,27.6225802712,27.1491126988,16.4423183891,14.9795783199,13.5938543754,11.846841933,13.1888935633,12.3031893419,13.4869088695,13.6820925553,9.9857210852,3.8590149119,3.4604904632,3.1629508791,9.563389701,13.2008448541,18.3475448398,18.6482005267,15.1644675711,14.8108205266,14.9333810248,14,11.4419248745,19.7441698573,21.42919849,16.9726785557,13.9257063132,-4.4610295988,-11.9089026915,-21.4878750514,-23.0837502017,-27.3268101761,-28.631447911,-25.2600527868,-23.7651444548,-28.9659181746,-27.6098901099,-20.4581299287,-15.7443551473,1.2339103418,11.9676600545,32.4573343105,37.4173922165,42.8371391642,46.8549002507,42.9684254258,33.0480847596,35.2225063939,31.4391291321,28.949107733,29.742005814,36.1013679411,40.0923593619,40.2655916528,47.0152671756,51.451625066,42.8253284834,41.2931347621,37.5114854518,34.0444847935,33.1357799559,28.0735154133,22.7769219997,6.6554990014,-9.086005394100001,-16.0608622147,-20.3696972844,-21.3702449711,-17.998960499,-20.1398529487,-17.5121109193,-22.7452308387,-21.8468211391,-25.0014293065,-23.7696036498,-16.9566267971,-11.1675126904,-7.8079892581,-6.918362024,-10.4103343465,-13.6781390632,-16.5657996395,-12.8662076414,-6.3851548802,-8.463560683500001,-2.3707882299,-3.8677339717,-6.98334182,-5.9517625232,-8.228954267400001,-13.7302977233,-14.7441334464,-10.3972391512,-8.310826452700001,-8.831732259100001,-8.3502419229,-7.1719186278,-10.993987663,-13.8754863813,-14.3035895832,-14.7715615876,-16.1323599429,-15.3390174584,-13.7622284862,-15.9468983037,-13.8192223531,-10.7070020394,-10.9502724796,-13.6644895153,-14.4574085446,-13.2104454685,-12.4201496623,-13.2487732617,-11.7040401173,-11.9125263764,-11.9015573928,-7.3218289948,-1.748046875,-5.728968405,-6.0240963855,0.0597252638,3.476566506,5.8094742322,7.1897467959,11.9637139808,16.0522931847,23.9547038328,26.1348756002,17.7466863034,5.347380976,3.91681809,2.207977208,0.8754476721,0.7631318137,1.2102725573,-3.0815592495,-4.2321990277,-5.6232686981,-7.6598735067,-9.455835279900001,-5.5838470473,-0.9623549391,1.7000194288,3.9820806371,0.9368836292,1.2491393725,-0.6805366518,1.1534603811,-1.1545735045,-2.2111339399,-3.548325723,-3.7550162431,-4.3054504164,-3.2961798609,-3.6775241188,-4.1455241742,-3.5466536395,-6.0617835632,-5.3445575568,-4.5513138324,-2.8295237136,-2.0110055028,-2.1797021403,-3.5342003375,-6.6449124889,-11.2501231406
"  Minerals, ores and metals","..","..","..","..","..","..","..","..","..","..","..","..",-3.2484635645,0.4768392371,0.8928571429,-1.0788941335,1.3305804084,-6.4465408805,-9.711751662999999,-9.3680954485,-8.739837398400001,-8.3218390805,-8.521190261499999,-9.031384059600001,-7.8039927405,-8.0677966102,-6.0131608804,-8.3844580777,-7.2220964456,-1.7527010804,-2.3821218075,-2.4622135544,-2.87057659,-3.2096288867,-9.019221291299999,-11.7398858277,-12.8937007874,-12.069813176,-13.6890391115,-9.474206349199999,-13.4943875061,-15.9824046921,-13.1823899371,-15.2711822044,-13.3248407643,-12.5129533679,-8.369447454,-6.7210348706,-8.728813559300001,-8.722393066800001,-8.979020979,-9.780821917800001,-6.6290550071,-6.9808027923,-4.462474645,-1.8289085546,0.911228689,7.1957358602,5.527638191,7.7781127525,13.153822346,14.9464012251,12.3540258144,8.138475554199999,9.395770392699999,13.5397123202,10.5550500455,9.1646634615,8.855228663,-0.0552486188,-0.4481792717,0.979020979,-1.5590809628,-5.035971223,-3.9113785558,-2.3588879528,-1.5189174261,-3.8556871385,-6.9135802469,-8.064960088099999,-10.5432164838,-8.899944720800001,-6.9780528981,-7.5346260388,-5.3348152265,-2.3849607183,0.4839168802,2.415875755,0.6449803702,4.439988542,5.0987326849,4.2215568862,5.294645528,6.7961165049,8.7416817907,9.556620731000001,13.2081009686,12.6473124461,8.1869688385,3.9033979219,7.8294789635,6.6374108612,9.730790802,14.8233266303,16.3068181818,18.6363636364,19.8609179416,23.2977850697,24.0082966036,24.0622607808,29.7198219429,32.8648648649,20.7493540052,22.3251028807,24.1502683363,21.8914185639,19.9560332193,21.7672413793,20.2599210954,14.6595697494,19.3393267824,19.107363225,20.4884941461,20.179007323,24.5452600043,24.7687132044,21.5726636476,24.0558292282,24.5163917736,23.1465093412,24.0254727904,31.66344294,29.7652417659,30.9100328095,28.2626905679,43.9065673663,60.9621993127,44.068082238,52.9461564511,50.3970880212,45.9689288635,44.2350686682,43.3016959701,35.3753489055,22.6947482112,23.3214615486,25.4571577847,19.7365325806,8.774551665200001,14.8906304831,8.8896269235,4.4554455446,8.9513779969,12.3449955713,9.305103148800001,6.6847531199,28.4441021127,32.816343994,35.1171264966,25.1178781925,22.4730127576,25.5141519039,28.4871899146,24.3601895735,17.5938303342,3.0156696561,-2.4833614781,-1.4444105381,-22.5820268997,-24.6194733027,-27.3462783172,-25.3120829081,-22.3076923077,-19.6057754705,-22.1474916917,-11.4583333333,-6.2084644981,5.9313115852,17.4493226036,22.1694705336,37.7448268231,29.7008547009,37.3422420193,47.8082623778,41.470709571,31.6819695288,27.7162313243,27.862266858,28.5940704829,32.3128330172,30.7805724198,32.7363352201,28.5427377892,35.6507413509,25.8918918919,20.2972761539,20.5438506962,25.7451536281,35.0549100748,31.3061041293,25.4839411296,6.8664255,4.2642085019,-2.8449592668,-2.2248609462,-1.1598251154,-2.1407102987,-7.0824711794,-9.5312972483,-10.0115776004,-13.7882269754,-18.435595055,-12.6935521146,-1.7436290477,-3.0085230887,1.1529642974,1.4701182486,-2.5066044111,-4.9956123856,-9.435642934400001,-9.124941506800001,-12.6218851571,-12.2821406602,-5.7903192009,-11.7530275958,-14.5605824233,-15.0370516099,-17.7320121754,-20.1070866142,-19.7428949524,-17.0614237646,-12.0486159899,-9.8793585405,-6.680099194,-3.2413900577,-8.963523131700001,-12.0359955006,-12.8043213634,-14.0398271071,-13.0992678895,-12.9622329102,-15.7820351759,-17.0551268793,-16.5588305775,-12.7663047914,-13.8847367547,-21.8473184088,-22.5018323968,-17.9795396419,-15.2168222668,-19.1793122026,-20.8352205816,-19.6756952623,-10.7402573187,-2.3784405869,-1.7805858702,-4.9592963413,-1.6104146577,12.7975270479,16.1832702816,13.1898971001,11.3821138211,26.3304077325,28.0924590914,29.0966505019,23.9189471485,15.610570783,11.8518518519,8.7722752781,8.5269038518,3.0693340641,8.5293053546,10.8631772268,9.4243740183,4.5906252748,6.1461497231,9.0154625666,5.2258934592,3.2970768185,5.7511327989,9.368211441,9.0400072248,1.3826110077,-6.5338778232,-7.8439493084,-3.6561682006,-4.3470949298,-3.9303147618,-6.6591874349,-2.4351169497,-0.1233958539,0.8569545155,0.3227675246,4.28192811,14.7390506163,14.9977708426,17.5355024267,12.6555652936,10.3990857947,11.3272010512,13.0837912088,6.5599343186,4.258298328,5.1960784314
"    Minerals, ores and non-precious metals ","..","..","..","..","..","..","..","..","..","..","..","..",-9.3866321411,-4.8147515793,-1.6943231441,-1.6518866284,1.711535033,-10.1429309454,-15.6889037881,-16.0545122154,-14.3842704381,-13.4895278665,-12.7516778523,-11.845063116,-5.0187533488,-3.3721973094,-2.4875621891,-5.5693069307,-3.8212094654,5.0977385972,7.5546719682,7.9984161552,6.4061240935,4.6163315552,-3.1163708087,-6.9831306395,-11.8089507334,-13.9966586226,-14.9052478134,-11.8517131623,-15.8921086204,-18.4172137126,-17.3197781885,-18.5334555454,-16.0166603559,-15.1794469504,-11.3802931596,-10.7338675664,-13.3901918977,-11.3533347723,-11.8843683084,-9.791843670300001,-6.0888407367,-5.2525704068,0.7601162531,2.7677767777,6.3570784491,7.9075144509,8.6377211119,14.1507205292,23.1413096997,22.4738251765,20.8019441069,13.2564162939,14.8361790494,15.192262326,9.9179054804,9.305890080999999,10.7884696905,7.199485751,3.5948403468,2.8352649007,-0.1799280288,-1.2524850895,-2.2329511165,-0.2702702703,-2.069519791,-2.805652263,-7.5090835688,-10.6971153846,-16.8930552898,-14.9910053968,-10.9818330271,-11.3503723083,-10.0140196275,-8.8785987518,-4.8148148148,-4.2318115489,-6.8116536725,-3.3712600084,-1.9423832388,-2.5572005384,-0.138121547,2.5393839643,3.1185507911,2.2247446084,4.295570888,5.8108705259,2.7237354086,0.7618633,3.963011889,3.8595726123,7.7676385489,13.5359116022,14.1078838174,17.6794313231,17.9452968646,23.0735065512,28.6384976526,31.3635414492,34.7432659933,37.6539209332,29.5849216434,30.736930506,31.9289549773,28.5482562855,29.2727272727,28.7412314887,24.7171945701,18.9101407434,32.7803583278,29.8680654904,32.0474777448,31.4187068424,34.8586370322,34.8803597238,31.762680025,35.4889589905,33.7396468198,31.9660965643,36.0393046107,43.8543247344,29.96001999,31.1995104039,27.9243051449,43.8619536661,60.6519631604,47.2080009525,54.9126767257,52.8405122235,53.6457116149,55.5338915013,49.1721302367,41.6455696203,26.3122476447,24.2093478869,29.7059911243,24.7696521956,14.611148827,17.106114526,10.6066416136,4.3872343667,4.2969047076,4.4613229113,-0.1042908224,-3.872505213,22.4674632773,28.804266186,27.2649511726,19.8190406493,15.9931551928,19.3590717591,21.3839966718,24.224735498,20.7014729474,4.6308061556,3.5943325876,1.0768515649,-31.4275060593,-37.156685521,-37.733841156,-35.4469739034,-34.2203812982,-31.5009836824,-32.0632925854,-23.436123348,-21.1442034676,-10.1740655782,-3.0233227757,7.95585192,41.0367953598,41.2174074418,50.7600971485,61.8355410287,48.5120331234,33.3164385876,27.1083830825,27.8941311853,29.8398835517,35.075859997,37.2402019002,38.7788427405,31.9817504177,39.818647743,20.0894988067,9.5402604305,14.7063948423,22.7664427829,32.7710524575,16.8736128607,11.7949020533,-7.0840747331,-13.2781653956,-17.6548831023,-17.9463459759,-19.2960195498,-14.642023153,-17.5303250849,-18.3401691225,-19.2670967742,-23.2076129739,-26.668035311,-23.1646170898,-9.168162776799999,-5.2887613821,-0.726888668,1.7563638521,2.4224072672,-4.2607683353,-7.8719774078,-6.7340484901,-8.5730724971,-4.100434698,8.3916573348,3.8466822366,-0.8433258664,-0.6716712762,-5.5260028788,-13.5984605516,-18.4433452726,-17.1814202335,-11.041573536,-10.6109966093,-8.9574155653,-8.7950747581,-13.430619229,-15.0615160736,-16.8372093023,-18.2975338107,-21.6414944356,-23.8577309847,-24.2872080864,-21.3404786375,-24.192390524,-17.6719970249,-18.6405529954,-28.1729842,-29.8948310584,-25.332917997,-24.8881431767,-30.0714053879,-30.4505875391,-26.9721680553,-19.3720651874,-10.0513299113,-7.2632575758,-15.6382690397,-12.3760974228,4.9674687597,10.4372805618,6.4977054652,14.6048292735,43.0262241819,55.597423119,56.9972083991,52.9976019185,37.5285328906,24.9463902788,23.8059541658,23.4539969834,20.2184179457,28.3429672447,28.7630986191,20.8743270837,6.2875223106,4.2340442153,7.5763432547,4.2095835199,0.4149377593,7.6495586793,15.7079837384,18.4134741251,3.3063262133,-5.922534154,-5.6738667478,-1.3360976733,-2.8623769178,-5.8832346549,-9.421487603299999,-3.1728978656,2.4342599549,6.2025508655,3.1471929431,4.1344240548,16.8977263725,6.2714433895,8.901790033899999,2.8484706981,0.6679239353,4.1885650581,5.0063471914,-7.7816406539,-11.3906410444,-16.4200443205
"    Precious metals ","..","..","..","..","..","..","..","..","..","..","..","..",5.9578368469,8.0491551459,4.4599514563,-0.2924831822,0.8007117438,-1.3901212659,-1.3095238095,0.0896057348,-0.9865470852,-1.4388489209,-2.7462686567,-5.1518761167,-11.3898500577,-13.9323286892,-10.6012198664,-12.0856556175,-11.7387466902,-10.2279544091,-14.3244873341,-14.8910772904,-13.8586956522,-12.3479318735,-16.2369551872,-17.7708006279,-14.3833387569,-9.382226627,-11.9883040936,-6.0727394061,-10.0333333333,-12.4958235884,-6.9693769799,-10.3085553997,-9.3936207501,-8.778625954200001,-4.1407108831,-0.9545628102,-2.1664766249,-5.2497265767,-4.9833887043,-9.840142095899999,-7.336050389,-9.2783505155,-11.4642451759,-8.1704456607,-6.499032882,6.2761506276,1.4908256881,-0.501156515,0.6993006993,5.5790688726,1.6705516706,1.4578408195,1.9192323071,11.1952861953,11.5384615385,8.9399744572,5.9164253206,-9.6993557623,-6.1770244821,-1.7435102673,-3.6651234568,-10.5320699708,-6.4195643867,-5.4757281553,-0.6669282071,-5.3747161241,-5.9770114943,-4.0250097694,-0.3125,0.6341656758,-0.7627458852,-1.6561514196,2.0424509411,7.983706721,8.7382605145,12.7362366475,11.9668246445,16.16,15.4441727791,14.006514658,12.578369906,12.4458448208,16.6262135922,19.8476343224,25.6671899529,21.8785364014,15.7341344348,8.090379008699999,12.7689594356,10.0550964187,12.2132015531,16.3571428571,18.9349112426,19.7898423818,22.1990981616,23.5530277685,18.6445971268,15.5679356236,23.5885788449,26.9386378962,10.4160150141,12.4530663329,14.7530670022,13.9656230816,9.306409130800001,13.5380116959,14.9304569969,9.6127809369,2.4743353514,4.7134440279,5.1457075348,5.1527224436,10.4532577904,10.8792431831,7.4835526316,8.618367896600001,12.0481927711,11.2799381921,8.5206223759,15.983201581,29.4888260981,30.4603580563,28.8139825218,43.9757514524,61.4260066684,38.895859473,49.6301963785,46.2434911976,33.5244922342,26.2207822263,33.8416021848,25.3674121406,16.7625471137,21.8584591257,18.4144213995,11.350877193,-0.9374006991,10.9485094851,5.8973921936,4.5608680909,17.6270579814,27.8327832783,26.2710423397,25.7220523276,39.0078151546,39.6074646075,49.3697822884,35.0244209863,34.9639133921,37.0135157141,41.4936423628,24.6311010216,12.4600638978,0.430292599,-11.1500134662,-4.9054054054,-8.82424835,-5.0472459092,-11.2876712329,-8.483080513399999,-2.5906120024,-0.3090087949,-6.5294050734,9.497788186299999,20.2380952381,32.8477577835,51.5004546832,42.9586471508,33.8873994638,17.8033980583,22.76714021,31.3782991202,33.5976576796,29.8760133524,28.4045271997,27.8160646388,27.1377137714,29.1980219308,23.8895558223,26.0636182903,24.2991589908,30.493458329,33.6385590662,35.8307453416,27.8056798466,29.1536625666,37.6362430101,49.0006507391,41.7079646018,23.3649525711,24.9515503876,15.1868790412,18.3326621023,22.9099234231,12.8228296062,5.0728779651,0.2857959417,0.0497512438,-3.5050268558,-10.5315697529,-2.9038905889,4.8630783758,-1.1309293008,2.7929901424,1.2048192771,-6.7955552701,-5.6526962093,-10.8595131239,-11.2923909946,-16.1753214463,-19.389138657,-16.9525801953,-23.289169025,-25.1431144272,-26.308909079,-27.9901438466,-26.0425073984,-20.9909723658,-16.9484331895,-13.006331528,-9.179985543300001,-4.5,2.4964589235,-4.3748425561,-9.0047790727,-8.6784670906,-9.544083732500001,-3.6807546472,-1.3550381957,-7.3702573048,-13.1249467677,-9.1897579797,-8.1623629289,-9.5394444937,-16.0304024875,-15.6217070601,-11.1213489358,-6.228829507,-8.7664247892,-12.2131541047,-13.6719830368,-3.7664783427,3.9901960784,2.6458091927,4.0442946558,7.2199332941,18.9672906809,20.6160890832,18.4532448683,9.000602046999999,14.1122098022,8.542054030399999,9.675352413500001,4.2270058708,-0.1319883096,2.3047977422,-1.4993058769,-1.4821591949,-8.8448901954,-5.4874892148,-1.7854017154,0.4418668876,3.0328718094,8.1015719468,10.4576436222,6.2335711603,6.1455678278,4.0643678161,3.9274640609,1.1515601783,-0.3699136868,-7.1115574219,-9.8378185707,-5.8473100541,-5.750068562,-2.0134228188,-3.9756699577,-1.7143867091,-2.5168979011,-4.0646814527,-2.386764307,4.4344473008,12.680883473,23.4692874693,25.9043289188,22.349849119,19.8836081474,18.0745814307,20.4535022492,20.329077504,19.6514916522,27.2174633877
"  Fuels ","..","..","..","..","..","..","..","..","..","..","..","..",17.9501698754,27.0902090209,20.532003325,12.0145947355,6.8050446663,11.6329874386,23.9461358314,20.7881210737,23.0127848805,37.1145685997,31.2852159914,28.8564476886,21.4114258281,-6.8383466782,-6.9195402299,-10.2140530479,2.6076260763,-3.4491193738,-5.9045819556,-2.31678487,-3.9990962494,-7.2003301011,-10.320866544,-27.3791540785,-32.5622775801,-23.7630662021,-22.4746851074,-16.0404249806,-21.0261328219,-23.1568279706,-23.8955823293,-29.2594385286,-26.0061190868,-33.1925300133,-34.5943482224,-34.2173686947,-20.9029610085,-22.4862888483,-7.8050334501,5.3395061728,4.6751669702,16.2545334652,30.4749340369,48.0328429696,46.596692112,54.1098169717,68.9198606272,97.0750988142,87.4722016308,113.1682389937,89.73738769870001,46.6744799297,67.4013921114,79.5519001702,54.0697674419,47.7467067252,52.8965068345,50.8097603109,50.3300330033,45.9887685519,40.9252669039,21.3534943758,11.291203788,24.6703955254,7.9002079002,-5.0386984679,-12.403609516,-14.8287189113,-27.0327799063,-35.5097365407,-42.4396267838,-42.5470531666,-41.3580246914,-34.7971432913,-17.0348551792,-12.8024355071,-12.3153500321,-13.0239520958,0,0.826446281,14.4885258654,32.9262877442,31.0131108462,49.4739359158,64.6172248804,84.9685388021,37.41617357,12.0360161705,17.1214063358,26.0470453242,21.4085034651,21.0200364299,4.4844572787,8.100885251399999,16.6666666667,13.2778755399,5.2317977038,-11.9062618118,5.9279460313,24.1102181401,30.9255784866,22.8189956001,28.8336933045,32.4503311258,38.6116078686,48.7793572311,37.5233936369,22.6945346702,27.289048474,36.3987414188,44.945799458,43.3593233778,22.1877239073,40,42.8930666986,51.9772727273,68.19141449679999,46.3807248936,43.774098435,57.4355432781,43.8862970598,31.9387648107,17.7152472656,27.0833333333,32.4374511337,18.7946704315,18.83013492,7.7463735606,-14.6792189679,-14.6363958851,-1.1121628017,-7.3987425062,-12.6903936058,-0.1907335294,1.9853875476,-0.6963586247,1.5718397166,4.3155314566,2.0028208745,-3.7820957668,20.9317531671,31.4744015957,39.2119326793,37.0993210169,55.2465670611,48.3398359742,58.0361314437,58.261504748,76.0607381575,86.122187411,82.03125,63.7360259647,35.6920789403,0.1453947784,-26.2590958574,-37.765620501,-39.5805518469,-46.4143853999,-49.963045085,-52.7647004523,-53.2166879875,-50.3079689353,-53.8683580842,-42.0755880539,-37.7147980276,-13.4515843959,10.7692307692,34.6904783936,38.4587054599,46.2085545427,46.6272772033,51.2311901505,27.2999911793,10.8861344214,17.800098798,10.3041825095,15.8256697321,9.9846838305,10.0028058361,15.1140423193,17.0235403644,27.8432447246,34.7011417058,38.4958325257,40.5626385809,40.4846212595,44.6603298854,35.9600137883,36.6542391605,29.224137931,26.3741869659,15.928622583,12.1718377088,11.0718113612,7.5833873461,-3.289013296,-4.3774031352,-14.4904615993,-11.6581312204,-0.2079002079,0.2677714343,1.4573818443,-1.2009284489,-0.2625482625,0.2127659574,-1.910643636,-9.4169987951,-8.118668596199999,-2.9126714094,8.1724656109,4.7579983593,-0.5691056911,-0.7306258188,-1.7298062819,-1.5168539326,2.6065861464,-1.3092710545,-1.2297097885,-0.2916197688,2.1158187641,3.7540487442,5.8773242146,-0.6995562516,-6.4799672935,-10.659357393,-17.0672705749,-23.7307472904,-38.6035514865,-49.536444194,-44.7211155378,-44.3327004977,-42.9562982005,-39.2886386899,-41.8802987485,-43.9829661953,-49.3606557377,-47.9347764332,-43.4742133681,-43.2243149521,-41.2290045063,-38.1140885099,-43.2972972973,-35.1460964144,-31.3294276701,-29.3180477114,-22.7837110359,-20.4129516659,-7.1975828208,-4.8232213007,4.1831357049,6.5988023952,46.4101491705,74.7416762342,67.3657451541,40.8328595793,33.3377083607,17.8175313059,3.1035646014,11.0731132075,14.9302325581,21.0616831002,14.5326167141,31.760476351,13.302228147,21.2690069457,14.4959179799,23.04975275,28.0736292942,39.6092721935,49.6782637147,44.8773755176,38.0615135573,38.6305521356,37.026131763,10.3001364256,-3.1095050004,-10.8204334365,-0.5886742393,0.7873369966,-1.8445930367,-9.440255220399999,-18.5004371903,-17.1698666276,-22.1676681812,-23.8010657194,-27.8270212194,-12.7319109462,0.4163413999,-3.0376670717,-18.9157631359,-47.1071690129,-61.5221987315
"Selected groups","_","_","_","_","_","_","_","_","_","_","_","_","_","_","_","_","_","_","_","_","_","_","_","_","_","_","_","_","_","_","_","_","_","_","_","_","_","_","_","_","_","_","_","_","_","_","_","_","_","_","_","_","_","_","_","_","_","_","_","_","_","_","_","_","_","_","_","_","_","_","_","_","_","_","_","_","_","_","_","_","_","_","_","_","_","_","_","_","_","_","_","_","_","_","_","_","_","_","_","_","_","_","_","_","_","_","_","_","_","_","_","_","_","_","_","_","_","_","_","_","_","_","_","_","_","_","_","_","_","_","_","_","_","_","_","_","_","_","_","_","_","_","_","_","_","_","_","_","_","_","_","_","_","_","_","_","_","_","_","_","_","_","_","_","_","_","_","_","_","_","_","_","_","_","_","_","_","_","_","_","_","_","_","_","_","_","_","_","_","_","_","_","_","_","_","_","_","_","_","_","_","_","_","_","_","_","_","_","_","_","_","_","_","_","_","_","_","_","_","_","_","_","_","_","_","_","_","_","_","_","_","_","_","_","_","_","_","_","_","_","_","_","_","_","_","_","_","_","_","_","_","_","_","_","_","_","_","_","_","_","_","_","_","_","_","_","_","_","_","_","_","_","_","_","_","_","_","_","_","_","_","_","_","_","_","_","_","_","_","_","_","_","_","_","_","_","_","_","_","_","_","_","_","_"
"  Tropical beverages and food ","..","..","..","..","..","..","..","..","..","..","..","..",-6.6193013618,-2.8758169935,-5.0603528319,-3.1576448243,-1.3675823522,-2.0154119739,-2.5916636809,-5.5669853564,-4.3151731161,-7.2284596947,-6.3339731286,-4.2494769874,-2.7643925945,-1.6150740242,2.5672371638,2.8315763668,7.210031348,2.1415607985,-0.4168710152,4.9980776624,8.048423573199999,8.362795757400001,9.275956284199999,12.9045473167,7.6812728221,2.4250715085,-5.6972586412,-6.78269162,-14.2600089969,-14.6647713812,-12.8416646146,-15.4400097644,-18.8131002216,-17.9821809512,-18.0397549694,-20.0411223996,-19.0383916677,-22.6080621661,-21.6885743175,-24.0281329923,-20.6322140609,-15.4497501388,-17.7002401469,-15.2280600462,-11.2526539278,-9.868421052600001,-6.6198901769,-4.8857963999,-7.4644727001,-3.4515218073,-1.7753389283,2.7773102171,2.6441910428,1.8387785257,8.513559903899999,5.5848799591,3.5372522215,3.9891359701,-2.0908199935,-4.8187022901,-0.9699321048,-1.218719532,-2.1196187972,-4.6020307894,-3.2039929158,-6.8998871514,-6.2638405568,-7.6923076923,-8.9948836442,-14.8220698661,-9.5762429096,-9.4736842105,-10.1044727391,-11.3341010035,-7.1680376028,-6.4892703863,-12.0425815037,-10.1298701299,-9.669254134299999,-7.5821104123,-0.417120058,7.3399770027,3.7453874539,3.5991140642,5.3023424732,9.703153988900001,3.0741410488,5.8564347347,7.9236006051,7.4373795761,3.5867737717,5.6899810964,-0.2367510472,-2.8923406535,-1.5472167882,-0.1781578479,-0.9139506812,-2.5875190259,4.0526315789,4.0929587236,4.1703171544,7.9447632712,8.476104598699999,7.0828116616,8.871851040499999,9.9834528406,10.7297687861,13.1893628413,12.5304559694,16.2326388889,15.8826504805,12.0793068977,12.4306139613,11.5301545107,11.970074813,12.0761650242,11.9718309859,14.9114008693,11.647634584,12.6300851466,19.6875966594,21.7923823749,15.9173577768,20.1724394232,21.0053859964,17.3543870103,19.138827023,14.2921013413,10.3174603175,7.0555717195,11.2068965517,7.531849363,-1.6410388939,-6.1932793721,-5.1713317434,-8.1395348837,-8.1726013848,-3.6303630363,-4.112662014,0.6519754857,7.0313560472,8.6832450061,6.4643279464,10.6496549928,17.5118234367,28.9449601255,36.0158835208,49.9057366011,49.5624074323,47.0231822972,47.2446061866,43.0625728721,34.3944197844,16.2165541385,8.2315191904,1.4472290858,2.6159865847,-6.7220926696,-10.0622810432,-16.5019762846,-11.5502340655,-10.9209819029,-11.6426869097,-5.9675812732,-1.7552137397,11.6406670253,20.3420752566,27.4646253769,23.5646584595,20.3152173913,9.5109283705,5.798816568,-1.1603053435,0.9453887157,5.0649350649,5.1810477658,12.3907405629,16.3920208153,19.4523403449,20.7552320291,22.4563569035,30.0478814708,38.2274478806,42.2920479967,38.6160024714,36.7540101624,33.6122468385,29.2162607581,18.0326467823,9.877463156199999,4.2833346554,-3.6997965489,-8.056735546100001,-10.7120527961,-8.9992852037,-11.3842635604,-9.219225911900001,-13.0118024188,-9.130372900699999,-12.0172890243,-11.2446600536,-8.808680581699999,-9.043888339500001,-7.2456964006,-7.3610023493,-8.838403485600001,-8.0197942031,-7.3951612903,-5.5564648118,-5.5862646566,-12.3658861305,-12.1526938874,-12.3837493882,-10.5602379772,-10.0434855327,-8.933693268100001,-9.019442096400001,-2.8249551933,1.6908625107,3.7620830793,2.5734338446,3.1047635944,6.3002680965,10.9185918592,9.338919925500001,9.201773835899999,7.8181649159,4.5761926818,3.5027408715,-4.5406639733,-12.453812563,-12.6814939152,-14.107112688,-14.7466230749,-16.4018495166,-21.9687577486,-21.7150642936,-19.6531302876,-18.0289705122,-15.8738595093,-16.5619389587,-14.6471616524,-7.0983213429,-7.324106113,-0.7572777341,7.5688767787,7.5020112631,12.1385446457,17.1434787338,14.5098452143,12.7485011044,8.781720543300001,16.1807423346,15.9857712623,7.0418172432,4.8537647791,1.7044891487,-4.7846889952,-5.098222638,-7.7264569755,-10.6323706937,-12.4873563218,-10.3554436048,-8.208305101200001,-10.0657468284,-9.8327137546,-4.909809974,-3.0069238378,-3.86826464,-6.6311951916,-10.4682109414,-8.9057221824,-8.8009143807,-3.5095092991,-5.193048184,-4.0598966572,-5.426276771,-5.3803339518,-6.8979509028,-5.9657352641,-7.0443948915,0.4748839173,5.4387316966,3.8768400944,5.1726102313,2.40662093,8.386388584000001,11.3431523412,9.983669025599999,9.019607843099999,5.1209413816,3.4703394426
"  All groups excl. fuels","..","..","..","..","..","..","..","..","..","..","..","..",-4.2113564669,-1.4242278765,-4.0716868417,-2.6503729567,-0.3374578178,-3.8819377607,-4.6958205583,-5.1132686084,-3.5160806532,-6.0671542553,-7.1685761047,-6.6732575383,-4.7917009715,-4.4480519481,-0.8521796132,-2.5595044017,-2.144469526,-1.2182910547,-1.9641043007,-2.0463847203,-1.8134715026,-0.4954875243,-2.062764457,-3.0014124294,-5.7246627465,-6.4899762147,-10.9256198347,-9.720595616500001,-13.0664030318,-14.61395506,-13.3851468048,-14.7806406685,-15.0571679859,-14.316201316,-12.99729973,-12.6319621405,-12.7499541369,-15.9156976744,-15.7357580256,-16.2527798369,-14.006823351,-12.0498614958,-12.741774676,-8.825331971400001,-5.5290950507,-2.9680365297,-2.4208566108,-1.3333333333,0.1682085786,3.9325842697,4.6245320414,4.6027882275,4.7167731981,5.9617547807,7.7925045704,5.1758906565,3.7045155633,-0.385026738,-2.5233248516,-1.879222973,-2.4769101595,-4.553014553,-5.0094716902,-6.0080389253,-4.8200378868,-6.0297239915,-5.2363790545,-6.0928845334,-8.8987529064,-10.7365256603,-7.9182075266,-8.392511297600001,-6.9522169608,-5.663254193,-1.8834478174,-0.2025658339,-1.7691287041,2.1012200633,2.0805369128,2.6996370236,7.192575406,11.2821746452,11.5993385306,12.0507399577,13.7867221837,15.0311706303,9.8690153568,8.5701398286,10.0630346691,7.3688869219,6.0924830156,8.7033355423,9.134199134199999,13.5322092521,14.2464013548,15.9958071279,17.0766415938,17.5832998796,23.9465570401,23.0785209805,15.9132746983,16.5910964551,17.0625903739,14.6311725259,12.177707259,9.329779131800001,8.5047248471,6.9221037412,8.2305955895,8.2451348583,8.8059701493,9.181434599199999,13.0757014293,15.3791762418,15.1226398447,16.1496188619,16.6371994342,17.2762103797,16.1714480874,20.199459094,22.1081341248,23.8290490459,19.5397043134,29.108053795,39.0917602996,29.6614064655,34.595340282,33.1654456654,28.6493860846,27.2349272349,29.0901073056,24.0894388975,15.6746813822,15.040753948,16.7665434145,13.601532567,7.4161337372,11.8752215526,8.5297802073,7.2893982808,13.4087427831,16.6083099907,15.2015486222,14.7665457842,29.2935029532,35.1046164065,38.0978379559,33.6108768971,31.2408606643,34.1888466413,35.2570828961,28.8003418438,20.4779220779,2.422179962,-5.1398635959,-7.6626839143,-18.9932355267,-23.5824319895,-26.0061674705,-24.6903841603,-21.2017508953,-20.9445100354,-22.5368502715,-11.9681512814,-8.0113832356,6.6353952897,17.8180681463,24.8957330767,31.5041752521,27.1927943384,29.450737337,32.7956426102,25.0378749621,20.4301075269,20.150225338,19.4460146976,23.8305052967,28.2532991202,28.7609445476,30.8673687816,30.4799604156,37.4135896139,31.6988608222,28.7269285376,27.9321486268,30.5307539683,34.608652163,29.9731818899,22.6890756303,6.7881386209,1.8339171646,-5.3585448835,-6.7564151182,-6.6687116564,-5.5910743387,-8.6642156863,-9.6792524309,-11.451010197,-11.5734720416,-15.1717441437,-11.193385166,-3.6667781867,-4.3909348442,-1.2305565157,-1.0302989223,-4.088608427,-6.5263577214,-10.0898966859,-9.5211464523,-10.4069809027,-13.2072829132,-9.0356274145,-11.8677042802,-12.731819129,-11.9929453263,-13.5297823196,-15.8071364975,-15.3861969707,-11.3289296115,-7.5511117744,-5.7173761879,-4.1912821332,-1.6943682427,-5.0176956351,-8.577735730100001,-8.890480738600001,-9.8997995992,-10.3853003076,-10.591393476,-13.0973594687,-16.6453059917,-16.2389023406,-14.1030894042,-14.6237813516,-19.1234405778,-21.1641964064,-18.1959296309,-15.7421158382,-18.1494661922,-18.1736067203,-17.4688381403,-11.5667816199,-3.9976936383,-2.3896704567,-2.6807861095,1.6201444466,9.569717881100001,13.8535868081,13.788741303,11.7470191809,20.3586956522,21.095043603,24.2751626061,20.6471332209,12.4724724725,8.055281342500001,5.2053720224,2.4971187092,0.3982587756,2.7121771218,3.4370946822,1.8741881611,-0.3702700262,0.0273473108,1.1265856471,-0.1397746134,0.66749733,3.1792435593,4.7894148341,3.7200149925,-2.5922509225,-6.6732530986,-8.0609046126,-4.1985428051,-5.2302393038,-4.3926000182,-6.350877193,-4.0591374333,-3.4921757581,-2.8687798831,-3.5657122532,1.2828620472,9.158064210599999,8.8249446637,11.1446663419,7.8999904934,8.330942133000001,10.0181107616,10.8186586737,5.9359897875,3.334554782,2.9808568824
"  All groups excl. precious metals","..","..","..","..","..","..","..","..","..","..","..","..",6.3362609787,12.8061436281,8.0132176786,5.1018350474,3.4419551935,4.1554124247,9.811973200800001,7.9666809056,10.573630137,16.5911542611,13.3291744645,13.4413915794,10.8751229105,-5.0413983441,-3.5372848948,-6.1588641596,1.397912975,-1.6756433273,-3.1883487502,-1.0484668645,-2.0905923345,-3.7564766839,-6.128440367,-17.6860080153,-21.993614757,-16.3727959698,-17.3240832507,-13.5146186874,-17.8446601942,-19.5982958004,-19.8617605204,-23.5305877649,-21.9454329775,-26.1680446068,-26.6223612197,-25.8467400508,-18.0309231469,-20.3197405005,-12.4910093503,-5.2245862884,-4.3488536989,2.9018420389,10.4769152714,21.5947712418,23.6828774063,27.5260416667,35.4555141183,48.4727376534,45.9639389736,60.4536202384,52.2465753425,30.0074831629,42.4264887571,50.1961745954,37.0149253731,32.7241453451,36.1458120008,34.2862977333,33.1170108161,30.301865026,26.8719118206,13.7006161653,6.3703437106,14.6392939371,3.8514920194,-5.3387755102,-10.3402044579,-12.5546735785,-22.8339350181,-29.7749391727,-34.3625350864,-34.4695292902,-33.17855003,-27.8131973223,-13.4495009305,-10.1422594142,-10.2405613097,-9.7274922387,-0.1869158879,0.6854390515,11.9688109162,25.9852750108,24.0828269187,36.1855437964,46.2900694911,60.9626849194,28.5965598124,11.0635127584,14.9078726968,20.2713030187,16.3857677903,16.890524379,5.1183844011,9.2127878996,15.3818247778,13.5251322751,8.2133006436,-4.8148148148,10.5791153671,23.5451953715,27.2108843537,21.4455917395,25.8567980692,27.7506689753,31.3017555482,37.2206484105,28.5489702877,18.1473929508,22.3591050694,28.4046692607,34.7903780069,34.0844305688,20.0407435702,33.9568345324,36.3973408335,43.8762937408,55.8274470232,40.1766257598,37.56879051,48.4590729783,37.95856961,29.5286195286,17.6422598409,26.7564284268,32.7853203224,20.7401620935,21.4828006374,12.1264023294,-6.864173547,-6.5864833906,4.9604409281,-1.0628580918,-6.5262981294,2.9806775843,5.3484743412,2.699464899,3.5386212956,6.1544682572,3.6725561299,-1.0921866646,18.7467408309,26.8809669791,32.3452189379,30.6924045321,47.5186215561,44.6024400505,52.1105899778,51.9247219846,64.39592655449999,72.9925339022,70.201681923,55.3127413127,32.555075752,0.8076763772,-21.3106361193,-31.3896737734,-35.4666017764,-42.2029558943,-45.4343827762,-47.4918099918,-47.7310056784,-45.6907561545,-48.6707477044,-36.9114503058,-32.6597095688,-10.3471889338,10.2147039688,30.2508423811,36.2745098039,41.6490486258,42.3019728363,45.8471436927,25.8035553959,12.5202724619,17.6676037141,12.0498069194,17.7435224664,14.74182707,15.3999409681,19.76861167,21.2368566685,31.0874200426,33.7048906228,35.1580776686,37.0753639737,37.9287979245,41.5984941722,32.3181882121,30.5571030641,20.8094794302,16.6378924484,7.553848923,4.1880634486,3.1934504446,2.3551479783,-5.9443153158,-6.7319206539,-14.8440357385,-12.4443989979,-4.6935629618,-3.6483891615,-0.7438836235,-2.329916123,-0.93718621,-0.3285870756,-2.1278831503,-8.842394624300001,-8.5020242915,-4.3094786201,4.1047981347,0.9343065693,-1.6675962075,-1.965234721,-2.8201854216,-2.2620116749,0.4673949769,-3.6263736264,-3.9564097058,-2.2840230078,0.4252384783,1.9192626298,3.6246832086,-1.290135956,-6.210651693,-10.1643232255,-15.2756355327,-20.6742089244,-32.9914242475,-41.7844925884,-38.4998043709,-38.5986969939,-37.7203021286,-34.382691317,-36.6113070185,-38.8465596061,-43.5716013546,-41.9322396128,-37.7992043692,-37.812205893,-35.39104977,-31.9851140926,-35.0268108698,-27.0755770663,-23.7320837927,-22.8367062107,-16.7608793181,-13.0918152195,-1.7575822527,0.1840225157,6.9051490515,11.8742724098,39.5908855515,57.9985601152,52.6647083508,32.6228462029,25.3342970726,14.6959077549,3.5248463943,8.9876488752,12.1522853714,15.9589411129,10.6266477388,20,8.106102763899999,13.6790303472,8.933479933999999,14.8975074584,20.1076509035,28.691109797,34.8917117868,28.8272791662,23.5677463282,24.422288483,24.8487626031,5.9313215401,-3.7663006177,-9.8925765592,-1.8925056775,-0.5528101181,-1.9766325224,-8.0569809298,-13.7707448861,-11.027332705,-16.1130352645,-17.232082678,-20.9749651274,-8.636214800299999,2.0772042436,-0.4003558719,-13.8374485597,-35.3154215447,-47.097722263
"  All groups excl. precious metals and fuels ","..","..","..","..","..","..","..","..","..","..","..","..",-6.1520528429,-3.2385466035,-5.7098566077,-3.1192419058,-0.5727987212,-4.3888815002,-5.3652662564,-6.1703554661,-4.0300166759,-7.0330887443,-8.0783353733,-6.9958847737,-3.3673751035,-2.3945578231,1.2193451158,-0.5841597609,-0.1741693462,0.6676867436,0.6220839813,0.7290922087,0.7819287576,2.1146686523,1.0208610741,0.1327433628,-4.0274207369,-5.9520490661,-10.720086627,-10.3853511888,-13.6223325728,-15.0200359265,-14.5145426444,-15.5975021289,-16.1063218391,-15.3711535657,-14.5869947276,-14.6707909854,-14.6130952381,-17.8746109382,-17.7228623408,-17.4900884416,-15.2579241765,-12.5691056911,-13.0177514793,-8.945686901,-5.3433807159,-4.8250904704,-3.2235939643,-1.5018125324,0.0697107006,3.6094567768,5.2515201769,5.2670486047,5.2988632197,4.9098010043,7.067271353,4.4506001847,3.2929256378,1.7019735651,-1.7363571935,-1.9102698913,-2.2291884361,-3.2746908204,-4.7093837535,-6.1095505618,-5.6590632074,-6.1691189505,-5.0829509354,-6.5240452617,-10.6323349098,-13.031867545,-9.376126938300001,-9.7730927282,-8.7459921625,-8.373851971900001,-4.0418886643,-2.842183994,-4.6511627907,-0.8690723597,-0.6693938267,0.3215434084,5.9584476676,11.0133060389,10.5053720653,10.3366336634,11.106773375,13.4040880503,8.5391537431,8.679753656700001,9.3689508324,6.6704783686,4.6237364283,6.8815987934,6.7887532371,12.0597455283,12.3694634498,14.160086145,16.6900913563,18.0935875217,24.00776151,22.1356472463,17.3451327434,17.6701804538,17.6775809626,14.8350679132,12.9568681795,8.260654928399999,6.8738984137,6.2254362522,9.6958747365,9.1282653361,9.687055476499999,10.1638393504,13.6953242836,16.4895232311,17.0138360955,18.064516129,17.8040177887,18.8630490956,18.2608695652,21.3408317301,20.3541037606,22.2565895643,17.377772014,25.6514872335,33.8949323428,27.4895724713,31.159043659,30.0676554775,27.4668055194,27.5063938619,27.9031440162,23.7589949994,15.3837381685,13.3098669013,16.3517843332,14.2034146852,9.7493312197,12.1255495348,9.2034872201,8.022406722,12.3366013072,13.8401363955,12.2906135395,11.9049965507,26.7444158925,33.8899136006,35.1438609819,33.238558195,30.3060395414,33.464028449,33.6841150322,29.8731364015,22.6272727273,2.9689014184,-3.3718774826,-8.463232056400001,-21.9120399251,-28.8355568445,-30.2487352445,-29.0011702347,-26.0911736178,-26.2895402063,-26.832247557,-17.2620320856,-14.9825783972,-0.4363449692,8.678176669400001,19.3861843371,30.7070101857,30.7386653082,31.9028911051,33.2945510956,22.0847394076,17.1285568635,17.3158968651,16.7097552568,22.6717823509,27.9109736186,30.6043540388,32.6134257394,32.59989304,39.7755610973,31.0294791508,26.3165551353,27.9791154791,31.0754134684,33.4571902917,23.1632577715,15.8160363947,0.7658716829,-6.4680139014,-12.4939231891,-14.8363678267,-16.0738180196,-12.0067610888,-13.6531152827,-13.4509239261,-15.8536585366,-14.6969966234,-17.1762589928,-14.8652795679,-7.4671644776,-5.9519713755,-3.0625,-2.0296326365,-2.8300006643,-6.9152811817,-9.7432477492,-8.7480937197,-7.7844740996,-10.5,-5.3347810351,-6.1062648692,-6.4774119173,-4.7775826749,-6.5262554624,-11.0765831089,-12.8871265468,-8.788159111900001,-5.1721590069,-4.2388331814,-4.0690889287,-3.3441961515,-5.2836825203,-8.3998771499,-8.967642527000001,-10.0345754898,-12.8908645003,-14.1414925837,-15.4135928426,-18.0995475113,-19.0587501948,-16.5000793273,-16.7153284672,-20.4222525488,-23.4600791152,-21.0980720872,-19.6005416385,-21.8293620292,-20.6405067746,-19.1389290883,-15.0306179254,-7.4871404077,-4.6495956873,-5.6716701501,-0.8764241893,5.4171290225,10.7689062335,11.6540954,13.0421052632,23.216431771,26.8514412417,31.1409395973,28.9036907622,18.6676276771,10.8329126704,8.5003525028,4.4208664898,5.014354067,6.7891830128,5.9847764034,2.5328242853,-1.8176981734,-3.1288236322,-2.5503241215,-2.7276577721,-1.5965292842,2.7782838404,5.1703332405,4.8828676263,-3.5629670129,-6.4734730272,-7.2537929796,-3.4692580147,-4.9850988892,-5.4312522555,-7.4135667396,-5.1031960289,-3.923816242,-2.3309403527,-4.0953221536,-0.0986724076,7.5876405556,2.4120507198,4.6462104346,1.6182143193,3.2316319741,6.3728296127,6.3528077141,-0.679085987,-4.0473568282,-7.7586206897
