date,ipca,ipa,igp,capacidade,desemprego,comm,cambio,pimpf,ipcaindice,petro,gfc_dummy,pib,pib_hiato_real,pib_hiato_nom,pib_dessaz,pib_ipca,taxa_juros
2000-01-01,0.00503531043407269,0.0057735634483062626,0.005463186684761645,80.0026970302981,0.125443052589022,55.5724212450119,1.8029,73.1833854904889,1598.41,25.21,0,49367,0.024558799335473225,0.19939910610409584,54116.2456168241,369408.117254783,0.006154347162146273
2000-02-01,0.00202996112437734,-4.8031933877545896e-4,0.001321420637015791,80.520062794523,0.128232750719303,58.042724064283,1.7745,74.9786744458387,1600.49,27.15,0,51269,-2.890672631803426e-4,0.2039072642098656,54477.7835800763,361371.567481792,0.00631906794520018
2000-03-01,0.00298579585524218,0.001936429466161016,0.003489793990223866,80.1831314186234,0.125690394702139,58.487300099091,1.7412,73.6103430165704,1604.01,27.49,0,54284,-0.026102791651481994,0.19025399513137486,53854.7783618821,353168.624131278,0.006935312141685107
2000-04-01,0.00427783339460052,7.217531752274908e-4,0.0018330010696701038,80.3812170064971,0.118598681749632,56.4551399290546,1.7674,75.5028305774729,1610.75,23.45,0,52099,-0.0149751526882973,0.17715951397611818,53268.8220612629,358140.790392688,0.0054986369287128856
2000-05-01,0.0021712410912077002,0.009395711164701837,0.007590725636334561,79.8129687800096,0.117122167572078,59.4040595903128,1.8271,76.2252186802581,1610.91,27.23,0,54569,0.017254082797263592,0.189292500323905,54035.7011467258,370928.219548552,0.005286703344017429
2000-06-01,0.00422403716540283,0.01772159259084205,0.012150556470983176,80.1157914215026,0.116936431704615,61.3221217602032,1.8075,78.1773178810417,1614.62,29.62,0,55104,0.03874834101272917,0.2019594411267569,54843.4564222697,380070.260729637,0.001410091228550403
2000-07-01,0.0127861371334191,0.03023630409042699,0.02492562819122046,80.975730572117,0.115115167075516,59.8455702146376,1.797,78.5724709872324,1640.62,28.16,0,55853,0.02257854355834965,0.21344755512430602,55598.5526937019,375042.668577346,-0.009669768445212695
2000-08-01,0.0119481515870862,0.02253318083733369,0.015058959606249367,80.8092019479377,0.114143620737677,60.7517604011792,1.8084,78.4281945797504,1662.11,29.41,0,57258,0.01812590299011596,0.20650623209516716,55335.9757852279,374443.525514748,-0.0120819907830918
2000-09-01,0.00371099319776146,0.008047140975262046,0.005136554753238265,80.8029202257124,0.110207217990306,63.5818003439737,1.8384,77.4865814821557,1665.93,32.08,0,55947,0.010199925902647067,0.18758200169053652,54420.1669687443,372549.355927515,-0.010860229194402632
2000-10-01,0.00172325712296083,0.005232005576107923,0.0034827339197391893,81.1413839820388,0.112751241667938,62.8624877810642,1.8788,78.9661206177443,1668.26,31.4,0,58193,0.025101919496970382,0.18374943187574644,54335.3264783496,379224.027967733,-0.009661008634176294
2000-11-01,0.00299516790466305,0.0045856254168050725,0.005092583618383273,81.7345985133856,0.107030032346414,63.9327297782617,1.9472,78.3208795799876,1673.6,32.33,0,57145,0.017105956035459613,0.17987206415749313,54250.671136902,377280.275368804,-0.00971671998848922
2000-12-01,0.00452537051682703,0.007890352667977218,0.0062804065538868414,81.8647117653028,0.100153999145331,64.4362742025608,1.9625,81.0385070551473,1683.47,25.28,0,54620,0.013594907902271913,0.21014891610554187,56051.23963334,377034.479405965,-0.012023042331587325
2001-01-01,0.00432128295883421,0.002850259491956386,0.004028132016208552,81.6941504898624,0.102121776672378,63.945196494789,1.9537,79.7502503835916,1693.07,25.95,0,44006,0.015438660057100151,0.04087071807346021,47438.2615044663,378812.964238814,-0.01821669532061193
2001-02-01,0.00512318771010545,0.0036203687529745565,0.003582529512270227,81.8224465030989,0.0995382345615867,60.9836461992125,2.0011,79.9539517379348,1700.86,27.24,0,44227,0.0433927050406151,0.06533412136978001,48735.7431929925,390669.694255665,-0.020259259488064563
2001-03-01,0.00445465009218962,0.011493985548478136,0.009326209130116503,81.368282708609,0.104113439411415,59.0334937333511,2.0882,79.7404325886677,1707.32,25.02,0,47483,0.04149724591846038,0.0378314872946941,47537.6393431857,391050.700114844,-0.01747653149637593
2001-04-01,0.00579517862273458,0.012056091029825744,0.010890882476881636,81.0353751274834,0.106077167684103,59.394886237194,2.1917,79.6287173924162,1717.22,25.66,0,46705,0.038310483201259515,0.029972951134222825,47293.8020708434,390929.099829224,-0.010362294937656613
2001-05-01,0.00619519795448994,0.007779270026320617,0.0068436787722285786,80.7050790895901,0.113468718628801,59.9811472113176,2.2964,79.6301421987244,1724.26,27.55,0,48304,0.03255198888346733,0.037954075929119924,47808.0257810342,389806.422392344,-0.005446115673018476
2001-06-01,0.00740308189908728,0.016027531562873065,0.013068735516183594,80.6136003181738,0.109033650510076,58.4278398181113,2.375,78.4589887060777,1733.23,26.97,0,45024,-0.03379230088254914,-0.020366001935778755,45233.4492043431,365840.257254985,0.00395356144383574
2001-07-01,0.010451810188666,0.020137810091082287,0.01657846179958078,79.9175688659811,0.108195257405324,55.8989135324686,2.4652,79.0617242073768,1756.28,24.8,0,47259,-0.017052116438538434,0.005095233015703471,46544.3195889531,373096.71950714,0.017646736159243337
2001-08-01,0.00648250477017903,0.008048849653460088,0.006275718498049976,79.7144657367432,0.109938795916299,56.1290813265519,2.5098,78.910241936023,1768.57,25.81,0,48406,-0.006223805881880651,0.007273237694063184,46798.2838309736,378258.604746962,0.022781413186630683
2001-09-01,0.00427863044174912,0.011407114502089755,0.008624587387481952,80.1254397545393,0.11170675158975,54.0407974023588,2.6709,77.7823190834363,1773.52,25.03,0,47122,-0.0010075118917622916,-0.006202594253290172,46330.6677775947,381350.638532066,0.024329313278662085
2001-10-01,0.00833873794703852,0.015606949042182627,0.012622253458363986,79.6663680903099,0.115188260670577,50.3946720675826,2.7394,75.3428534326544,1788.24,20.73,0,48468,-0.0073014276861442795,-0.04032488645263044,44938.6538810587,380073.376374821,0.02518807872101564
2001-11-01,0.0066009355242894,0.0017536659432844104,0.004146351314942898,79.6363137441722,0.115701243830622,48.1728443833486,2.5423,76.5797906079001,1800.94,18.69,0,47790,-6.297010548887982e-4,-0.03391882287527359,45400.228620446,383749.692916516,0.025918141665896344
2001-12-01,0.00478724914298552,3.503644491322788e-4,0.002607277649645745,79.0980244850806,0.115728793250303,47.897347429039,2.3619,75.8443066442829,1812.65,18.52,0,44767,-0.029630318482144702,-0.027944671710859126,45856.3329760852,373889.795703454,0.026818706200820774
2002-01-01,0.00343567711212318,-5.189379187298115e-4,0.0013534669270551802,80.4577105795757,0.118036204240652,48.5321298829954,2.3771,78.4425534269846,1822.08,19.15,0,38931,-6.951929791849665e-4,-0.12103756878549099,41957.8062980213,386018.576787365,0.02771384892903067
2002-02-01,0.00376902266630779,6.120521233690113e-4,0.0018108693479126359,80.7757313139964,0.116189227121068,49.5493592357839,2.4188,79.1366377895276,1828.64,19.98,0,38954,0.02724205735922247,-0.1031678459596801,42906.0583774569,398150.965716985,0.027779937862999926
2002-03-01,0.00640530736253046,0.0025506151242113972,0.0035847536777193767,81.2815707972096,0.111096775345835,53.9730665501868,2.3458,80.6207034703691,1839.61,23.64,0,41824,0.028298307630102215,-0.12303914841190533,42261.1113038132,399780.785224206,0.026255648160890405
2002-04-01,0.00796059661125292,0.004773742062996078,0.006937779896783347,81.2330439418579,0.113597453346296,55.780683891944,2.3196,80.3028533031894,1854.33,25.43,0,42076,0.029981916846690382,-0.12948400432085627,42199.411997337,401677.885895748,0.023714912190401727
2002-05-01,0.00421171078885716,0.020221281252189804,0.013422180663456906,80.4706123788717,0.114423608507515,55.9384911848833,2.4796,78.9623580162541,1858.22,25.69,0,42426,0.027910939394962142,-0.13994379010831892,41980.257826071604,402080.822347304,0.024563767834403838
2002-06-01,0.00688540255311268,0.025412049981634155,0.018386257893538982,80.5687548840057,0.11319185800571,54.9353874723174,2.7132,79.6723896927665,1866.02,24.49,0,41359,0.028876616286805046,-0.14681680551352727,41924.0103772875,403718.189013327,0.02285457469051813
2002-07-01,0.0100750073521522,0.03086773440611079,0.022392773437818647,80.9675511514499,0.113108273432062,56.4325260312108,2.9338,80.0638973898346,1888.23,25.75,0,43213,0.0015523222787727775,-0.14816712196496518,42111.8602523486,394065.637962779,0.024528969907852055
2002-08-01,0.00674509897792944,0.03295408462405458,0.023672385344330138,81.2909193189417,0.109392774951828,56.6805808487113,3.1093,79.1611883659053,1900.5,26.78,0,44146,0.01513801245853763,-0.13179139686469554,43069.8682653491,400717.29516486,0.022212189044211877
2002-09-01,0.00859174905581774,0.04698543094756946,0.03269129096107637,80.9352656240189,0.111548323317625,58.9262023415756,3.3412,81.1220269904885,1914.18,28.28,0,43665,0.01562568038010781,-0.1469154146495999,42696.7804217985,402190.975352664,0.02376055866688384
2002-10-01,0.0130460552923602,0.062007061165473054,0.04618623606893468,81.1915687976711,0.107621740578846,60.1042527078095,3.8051,82.3654311199523,1939.26,27.53,0,45256,1.0450621009105987e-4,-0.16989569540106508,42008.8274342248,397272.014263546,0.04169936322305662
2002-11-01,0.0294567886443653,0.057377336157398595,0.047541027174852424,80.9261050144526,0.10788154188599,58.0255435951159,3.5756,82.1910926035463,1997.83,24.79,0,44313,0.0030431899233924753,-0.1656649192954731,42485.6431180614,399738.05772275,0.05936167509940443
2002-12-01,0.0188136938979062,0.025624248199325628,0.022681937918182626,81.7807240865154,0.113237681120131,61.3321418800279,3.6251,80.8384407116068,2039.78,27.89,0,41939,-0.06162195037146567,-0.17136820043258183,42556.9557275478,375940.234341623,0.07826775405799294
2003-01-01,0.0200482920758107,0.02638665342474411,0.023863913489372557,80.4,0.109698313225279,65.3393453883986,3.4376,80.1605485146921,2085.68,30.7105797101449,0,36233,-0.05594715548658158,-0.2663152049849842,39001.7360012005,379338.579864304,0.09957353695507931
2003-02-01,0.0151998939942867,0.017231805033089742,0.015680208467169443,80.2,0.107964955400657,70.3454820826314,3.59,81.5536123695465,2118.43,32.9,0,36263,0.003557183539948383,-0.25132958439098907,39910.3202015467,403952.689974323,0.1068584284456528
2003-03-01,0.012332832313173,0.012366220304225628,0.012355898435429502,79.7,0.107823827767699,65.827640913317,3.4461,78.4235653121352,2144.49,30.3592063492064,0,40302,-0.006996933254237447,-0.23909349060471463,40741.6121413198,401075.41183688,0.11436770928610457
2003-04-01,0.00956772607522952,-0.004198880401817817,1.9398147027338553e-4,79.7,0.109859080752435,61.8662124815534,3.1179,79.3751603244627,2165.29,25.6309090909091,0,44825,-0.005379772577866149,-0.15081524689082926,44891.304639138,403112.416981696,0.1155277954814079
2003-05-01,0.00788873446589908,-0.014998108554818756,-0.005938563737479363,79.9,0.112533093319586,63.0610432878967,2.9549,78.0673263710562,2178.5,26.0751515151515,0,46994,-0.036276978359495615,-0.11653457307246029,46879.3624354332,392215.556232146,0.11657187154874599
2003-06-01,0.00140523956088333,-0.011359185639713054,-0.007335202018910358,79.4,0.116527615898639,64.3593301568151,2.8824,78.0587683889051,2175.23,27.9092063492064,0,47459,-0.05624948179406175,-0.1077414791494764,47739.5120174601,385822.825104867,0.11552623850815544
2003-07-01,0.00116076870790509,-9.43182086583505e-4,0.0020771801920869137,79.2,0.115180752851897,63.2848797556019,2.879,78.0000948937869,2179.58,28.5865217391304,0,49844,-0.04035054686037398,-0.10209377027147859,48478.9850037269,393414.391777377,0.10944751230331559
2003-08-01,0.00406627055376904,0.012550266471911264,0.009486892347625009,79.3,0.11667211697156,64.4368237581565,3.0017,79.0159843958831,2186.99,29.6755555555556,0,47746,-0.031999325259048916,-0.1424098330388528,47033.9720516327,398158.050249439,0.09203126689970861
2003-09-01,0.00900052682484777,0.007246567098293966,0.006655400761507835,79.7,0.116745818860355,64.4991290214764,2.922,82.3929859484591,2204.05,26.9321212121212,0,51113,0.001288150344761263,-0.09691070182371142,49737.2944785352,413153.667512946,0.06848648146645339
2003-10-01,0.00300074603177568,0.005241103772392286,0.004449534599953786,79.7,0.117685391965967,67.4547028213942,2.8607,83.4141481645841,2210.44,29.0144927536232,0,55022,-0.007666479534798043,-0.07972152399639576,51144.5860481093,411001.709184362,0.054896079829087646
2003-11-01,0.00290965665422655,0.0061873796706084505,0.005868569333729923,79.7,0.114068003028889,67.3819146237766,2.913,84.294878977242,2217.96,29.1,0,52848,-0.004713236537444487,-0.09057474635584484,51153.898174028,413779.365716938,0.04390893851133959
2003-12-01,0.00337061730529716,0.008805497136735951,0.007538764336470827,79.9,0.112704731974258,70.5063078649893,2.9245,82.6459116034426,2229.49,29.9457971014493,0,50816,-0.029768606235750283,-0.103217881177601,51087.9926592297,405090.385064405,0.031148114455838538
2004-01-01,0.00541888079114728,0.008335180138770326,0.007756330311098125,80.2,0.111439595443796,73.1233565839023,2.851,83.498108979363,2246.43,31.3056060606061,0,49797,-0.03171174828407253,-0.061446317846391096,53892.3719743286,405877.204655315,0.026503670103567634
2004-02-01,0.00548812447504804,0.012777497098788615,0.01048316074946154,80.4,0.110174971054656,72.8798439029803,2.9295,82.9039844955379,2260.13,31.3285,0,48225,-0.04555944253043087,-0.1204434491310149,51416.979052859,401873.67777582,0.027615418097372613
2004-03-01,0.00464210343920921,0.015401368238522117,0.01195052912664707,81.2,0.11373850013466,75.5326717866659,2.9047,86.1783232384212,2270.75,33.6650724637681,0,55204,0.002429608572516173,-0.0681109783723759,54848.8248444556,423313.534439176,0.027835525416109924
2004-04-01,0.00350477124750722,0.016068870535593582,0.012319562324111466,81.5,0.116938940884821,76.4752780606294,2.9052,85.4080179958509,2279.15,33.7218181818182,0,54683,0.0032008200458850666,-0.08351770741591125,54693.8305749233,425354.087151608,0.026783083504361704
2004-05-01,0.00636885066189444,0.017509479593442734,0.014877384788547943,81.3,0.109968333477629,79.7446991672955,3.0996,86.8643378217427,2290.77,37.4930158730159,0,51592,0.0055858306421789905,-0.14855523307304708,51913.6001159651,428116.751703324,0.026240513543919236
2004-06-01,0.00961105043741723,0.015304166182964707,0.013033128783770387,82,0.109279126689549,78.3882366085363,3.1283,86.3861319106738,2307.03,35.5495454545455,0,51909,0.0068249097767338895,-0.1630079257733339,51846.0677222613,430425.944170876,0.02784414182988193
2004-07-01,0.00858091360200859,0.00922295465773626,0.008393488256202453,82.6,0.106040846985955,79.7234853285602,3.036,87.1624490949088,2328.02,37.8554545454545,0,55343,0.014083023744344558,-0.13205505075671908,54198.8019906149,435382.505163259,0.028913094125323918
2004-08-01,0.00766788993479939,0.01589318110013682,0.012442899650989325,82.5,0.108001614061092,80.9604271813244,3.0021,88.0948800689577,2344.08,42.0774242424242,0,55908,-8.305436347377793e-5,-0.1367339635983047,54689.6246261894,431083.494966484,0.0311179399973531
2004-09-01,0.00444507123179805,0.0024949853935156696,0.002338054476410001,82.8,0.105730053814752,80.5926412270702,2.8903,89.2646281834624,2351.82,41.5677272727273,0,58359,-0.008703544111348549,-0.10910331364858372,57011.7174369206,429222.598411548,0.034773009751794176
2004-10-01,0.00440089337659369,0.010128687818912852,0.008247058935171303,82.6,0.103850557787028,86.3939112683085,2.8521,88.9472594654445,2362.17,46.8652380952381,0,61003,-0.010312946211442409,-0.11018180938046207,57764.7390536277,430398.780748606,0.039268448932847824
2004-11-01,0.00637122351856301,0.008754472754493925,0.0076490905895605366,82.3,0.109708507504972,83.7253832062406,2.7852,88.8691884182813,2378.47,42.1198484848485,0,63719,-0.002354659482096011,-0.07385192538781205,60773.0343677034,435749.703439091,0.046091663185079956
2004-12-01,0.00697954154446809,0.002711791804008712,0.00422731722273717,82.6,0.110353440697201,82.5679413494841,2.7174,90.0901260416287,2398.92,39.0502898550725,0,63597,-0.004583734754460167,-0.038343386548021385,63899.9707353258,436718.186801444,0.0528563560225532
2005-01-01,0.00390757923155947,0.0016794898299874461,0.003135867318542651,82.6,0.10838833842351,85.426576137206,2.6922,90.0554291639056,2412.83,43.0107936507936,0,59732,-0.021656535708444835,-0.035772720392049706,65024.7979800679,431262.139141912,0.058501151409402194
2005-02-01,0.00521494461048102,0.006957089903231406,0.006654028161238834,82.4,0.109273107986826,87.4442907365214,2.597,87.5478806196381,2427.07,44.3765,0,61217,-0.02228765441555325,-0.020593030013396074,67022.6614013522,432956.568890689,0.06527106648697653
2005-03-01,0.0058858696244007,0.014234928885263898,0.011649482204144412,82.5,0.110092665556088,94.520957850601,2.7039,88.8372746957594,2441.87,50.9179710144928,0,65406,-0.015585607851647865,-0.0672695012291058,64950.6732944388,437879.326382488,0.07161336341907008
2005-04-01,0.00831968534757019,-0.0042728127674740435,-3.196257473359054e-5,82.5,0.108317698342508,94.0729819516697,2.5784,88.9403875267926,2463.11,50.6404761904762,0,68474,0.003848247664301141,-0.02224897558212291,68999.6779538309,448555.460897526,0.07640343697339244
2005-05-01,0.00582433295411079,-0.01108164216974128,-0.004087996492218693,81.8,0.105465311354501,91.6042781847429,2.452,89.7866534883105,2475.18,47.8792424242424,0,72055,-0.023327657850739314,0.003149483212308013,71888.8074885293,438588.856266933,0.08064287400657713
2005-06-01,0.00225953831400778,-0.006397080443553804,-0.003715210750846687,82,0.101464932490395,95.4697097981618,2.4127,91.1315553152545,2474.68,53.8906060606061,0,73779,-0.023859963715532118,0.012253964008953844,73699.793592631,440445.491616235,0.08339902544394555
2005-07-01,0.00255193721192535,-0.007785700869106904,-0.0052175282455309,81.7,0.104132469681073,97.8478711178076,2.3727,89.0675666014541,2480.87,56.3671428571429,0,75917,-0.020876158134083056,0.011396491751277438,74818.0882363899,443890.18987262,0.08452272850101257
2005-08-01,0.00271636765569224,-0.009160600093008675,-0.006915332063800683,81.7,0.105287981648459,103.80457349774,2.3598,89.5817221393797,2485.09,61.8856521739131,0,78461,-0.020884279937936512,0.012989820447590006,76149.6141172066,446047.468820142,0.08613652449385872
2005-09-01,0.00457131758125897,0.0056735478781417825,0.0048082844650849665,81,0.110838698315911,107.687228319452,2.2936,88.562232840621,2493.79,61.7186363636364,0,79783,-0.0263953911915511,0.023687003902129078,78222.8460197096,445777.285368233,0.08607032121231041
2005-10-01,0.00724662532885479,0.0032614077168142686,0.003477926352392302,81.4,0.110258848490784,107.178505587613,2.2557,88.7760602855461,2512.49,58.1852380952381,0,84899,-0.023524712297772865,0.0364419727035834,80526.5220306642,449278.732830079,0.08388088468135081
2005-11-01,0.00495557580427441,-0.0016428289923444694,6.08350287450321e-4,81.8,0.111448365897362,101.196128312772,2.21,89.6962906625946,2526.31,55.0678787878788,0,88279,-0.020314488797813723,0.0666432105424235,84364.8555445922,452982.8480754,0.08136964659815513
2005-12-01,0.00218166866411179,0.010242990336892355,0.008341342157037523,81.7,0.106363411992798,106.182001974206,2.2847,92.0158497198729,2535.4,56.3795454545455,0,84031,-0.003116795150969409,0.05920376217226497,85127.9841100975,463172.104178927,0.07648391271869487
2006-01-01,0.00413885631432747,8.5197023257777e-4,0.0016622784606337149,81.3,0.106087905419868,107.905760485708,2.2731,91.3501348479899,2550.36,62.2560606060606,0,79578,-0.017395148537353577,0.05017881392505785,85767.9101776052,458936.629709876,0.07193778234575009
2006-02-01,0.00327203647728368,-0.0011636531496828084,-2.909175560166233e-4,81.7,0.108282100491275,106.110057822923,2.1611,91.6318917992892,2560.82,59.6761666666667,0,81623,-0.02886244031553531,0.07233821364109083,89155.0347975785,456040.002124455,0.06956635321626382
2006-03-01,0.00403081565568236,-0.011029823994540777,-0.006489046453442171,81.4,0.106516992662482,106.826432285565,2.1512,91.0549405589975,2571.83,60.9295652173913,0,90690,-0.04247059362618444,0.06494857924906228,89981.7700337554,452211.821843237,0.06545265787143367
2006-04-01,0.00176916464710045,0.0036194608177355647,0.00358687886482123,81,0.105697517638727,115.698565260193,2.1285,91.1596466102574,2577.23,67.9966666666667,0,88452,-0.046155236948997924,0.046261523025636464,89799.2601465608,452906.468178597,0.061379571112000875
2006-05-01,0.00168820906469557,0.007660782764122409,0.005705995994992108,82.1,0.103121821654564,119.892187500183,2.1773,92.3011059092395,2579.81,68.7088405797101,0,91180,-0.024308458850740067,0.03412305442009611,90208.3013882277,465350.838678854,0.0577765229567236
2006-06-01,1.23224077833821e-4,0.006041640506372126,0.0038717367053608953,81.9,0.107436317550322,117.227587602056,2.2475,90.2619522588694,2574.39,68.2901515151515,0,86562,-0.028052291699822263,-0.024991398222198313,86462.1395407439,466074.156399653,0.05384517730633323
2006-07-01,0.00231296270820041,0.003116729087730974,0.0026497269083094466,81.6,0.110018606448986,121.713228044239,2.1885,91.8341943045623,2579.28,72.4353968253968,0,92961,-0.003238532575400299,0.01417230707733097,91430.2608969899,480338.603617148,0.053187598009571
2006-08-01,0.00161861554321355,0.004453329772814207,0.0036197415932637256,81.8,0.107489501345585,122.41103477327,2.1551,91.5484383319693,2580.57,71.811884057971,0,96874,-0.005641386812873961,0.02552173914421907,94031.3895219691,481764.232839675,0.051279764274536246
2006-09-01,0.00316683678670479,0.0026347295488351463,0.002108824703330292,82.1,0.102199604152864,112.612866588131,2.1679,90.5337979717468,2585.99,62.2068253968254,0,94804,-0.011191092244461132,0.008954354304036016,94042.8567504414,481691.123684871,0.04769482760354182
2006-10-01,0.00309630751363003,0.01439663719633355,0.010177239865231336,81.9,0.102060558528246,110.802485185764,2.1475,91.2368827133862,2594.52,57.8859090909091,0,101964,-0.0015223610825909617,0.013646249524141396,96073.0298884572,489017.902313084,0.04677780538754203
2006-11-01,0.00267002134855752,0.005577302401305495,0.004726776172897296,82,0.102260656977306,113.440785192779,2.1571,93.0203116632974,2602.56,58.1224242424242,0,102373,0.007098227550319081,0.017637769121073177,98075.0823922522,495949.484676235,0.04504435642540004
2006-12-01,0.00350142296980358,0.0025349076325662523,0.003877918226716126,82.2,0.0995977891723856,115.550687042573,2.1491,94.4570389111437,2615.05,60.9785714285714,0,100070,0.020515952916689173,0.042904377873982824,102267.352369574,505410.543589387,0.04166446805729912
2007-01-01,0.00273542678031151,0.0016232730688221508,0.0027779941323125,82.2,0.10026548276849,110.949546749002,2.1377,93.6435805020987,2626.56,53.8492753623189,0,96484,0.00852628438622638,0.03331510596988174,102980.4873487,502142.179470313,0.04235172140973739
2007-02-01,0.00345805902639698,0.004069623139025147,0.003813122642078781,82.3,0.101135500980893,116.775265705671,2.0955,94.3027425755515,2638.12,57.5653333333333,0,95918,0.0041133876214694,0.03240215054737661,104595.787815683,502699.658485961,0.04156680531393055
2007-03-01,0.0034566559182927,3.3626632609617957e-4,0.0017644517887864808,82.8,0.100440592093843,119.501740282007,2.0879,95.1578887178317,2647.88,60.5998484848485,0,106527,0.006466030178540194,0.034178668798197975,106514.987966556,506683.489739913,0.04083859818063697
2007-04-01,0.00214433130571833,-5.603653583641233e-5,8.782728424066022e-4,82.4,0.101528113554126,126.339752899399,2.0312,95.8988837363504,2654.5,65.1092063492063,0,107311,2.0827760901909187e-4,0.03151020734309462,107979.708062756,506328.794335893,0.0404717827329759
2007-05-01,0.00312936153074929,-9.683996679328288e-4,0.0015066010622302173,82.8,0.102764307499888,126.74981285228,1.9808,96.3187431305693,2661.93,65.176231884058,0,114272,0.011559582095850729,0.06101201735691575,113033.306279271,514970.444331979,0.04015867308879861
2007-06-01,0.00456877906913253,9.913240848584692e-4,0.002170967989337136,82.5,0.101261241652389,127.192978188255,1.9311,96.7446160645585,2669.38,68.1884126984127,0,115393,0.018523992888338725,0.0716209851593117,116097.633381008,521473.448720279,0.03732129519508555
2007-07-01,0.00306223470057964,0.0082693525264261325,0.006396483411801768,82.6,0.0998402024379736,129.715401506189,1.882,96.4353498805772,2675.79,73.5606060606061,0,121838,0.004983074335786597,0.07665698617259231,118569.794845214,517346.275086523,0.03542201388831462
2007-08-01,0.0058899220159762,0.02037906769694864,0.014612034578938449,83.2,0.101588058476551,125.448813204441,1.9652,97.6457056051649,2688.37,70.1269565217391,0,118077,0.0010678770852301511,0.026626870062301577,114593.625317874,518220.549834567,0.03359517805950751
2007-09-01,0.00290093879443175,0.014376043170584829,0.010607409902188003,82.7,0.0981591689413102,131.784739890582,1.8988,97.2554887134555,2693.21,76.6651666666667,0,118496,-0.005031185851636977,0.04752984672832561,118877.591808394,517967.471611436,0.03260511731203608
2007-10-01,0.00293394801100164,0.00978703992627139,0.007034542088219631,83.3,0.0964295197426082,139.388357597074,1.8002,99.5892428008695,2701.29,81.9585507246377,0,135121,0.003835880803389813,0.09357197006233875,126444.920374189,525523.640315628,0.03329899781719001
2007-11-01,0.00347886836277376,0.021268268087478504,0.01575165452100613,83.7,0.0941250235524566,147.671281093446,1.7691,99.3501912257703,2711.55,91.3880303030303,0,135997,-0.005045100962487226,0.11045642466455696,130611.279222004,523812.137680376,0.03437764846185648
2007-12-01,0.00626178650631683,0.011604945708682202,0.010182731966297709,83.9,0.0939819325303385,147.638237047466,1.7852,100.84328941646,2731.62,89.7460317460317,0,131363,2.8536486398067495e-4,0.12337832204054244,134362.185757515,529579.825442776,0.03543288477571731
2008-01-01,0.00379932496792231,0.008977124203359388,0.00792344167042991,84.6,0.0908563775015443,154.447467911667,1.7735,101.98308785656,2746.37,90.7549275362319,0,129544,0.012948955456401734,0.13547953311507754,138086.85596651,539351.465586763,0.03645094453213872
2008-02-01,0.00384697879514219,0.008279289423707148,0.006101881416621602,84.6,0.0933606269975654,161.368559418187,1.7269,100.322717275742,2759.83,93.2106349206349,0,132414,-0.00892113670884953,0.12604018022159735,138869.09398426,530656.548512902,0.0374757773894855
2008-03-01,0.00462588824400796,0.003468505942211486,0.004440945888745773,83.7,0.0899556731176787,171.380328644189,1.7068,101.06963300479,2773.08,101.705555555556,0,142640,0.00700384941811194,0.14557065301091932,143737.846735457,542210.143711687,0.03847939634085071
2008-04-01,0.00496932970330378,0.018905123819646263,0.015047526891620144,84,0.0876204318110131,177.834108555155,1.6881,100.837921855038,2788.33,108.758636363636,0,147551,0.017680326531419155,0.1541789748093354,147137.125453683,551111.928268653,0.04139445424756631
2008-05-01,0.00788307526525475,0.021903771748145395,0.019372725815393288,83.4,0.08342298206423,189.889058672767,1.6597,99.2138059940561,2810.36,122.699545454545,0,151453,0.014723898530601076,0.1659482441772422,151068.436134774,552570.855677919,0.044878476153245236
2008-06-01,0.00883689240482489,0.0250385121454908,0.019815746580562177,83.7,0.0857561584445398,199.570090200076,1.6181,104.314111573305,2831.16,131.521111111111,0,158166,0.039982251626661025,0.20273779076590515,159007.565674985,569882.886199354,0.05044411411397512
2008-07-01,0.00622382238730379,0.002469070963277531,0.003834000181229591,83.8,0.0892930799584365,202.79824199016,1.5906,102.47008065807,2846.16,133.00652173913,0,167383,0.04151012986094926,0.20226373510766038,161214.51152858,573947.926984974,0.05413447849478538
2008-08-01,0.00420508876096153,-0.007483756866855984,-0.004226200721780593,83,0.0843703051145961,181.099920941178,1.6115,101.343846594066,2854.13,114.567301587302,1,163441,0.02773829236466696,0.18761220413919055,161123.408391307,569258.370754391,0.06058140998821526
2008-09-01,0.0036535392816196,0.009746174686990017,0.007769282188226256,83.4,0.0870959710043851,165.917674832465,1.7988,102.476117826371,2861.55,99.8315151515151,1,148641,0.022172651853731296,0.08173992711446587,146967.736000449,569251.766922716,0.06618427904198691
2008-10-01,0.00443097632409601,0.008053050114770421,0.007268197622146921,82.8,0.0874963892126335,135.642449629873,2.1721,99.7842891252694,2874.43,72.6927536231884,1,128520,0.022826709957891822,-0.13142180321107588,120397.162511966,572788.377021808,0.06978681799854505
2008-11-01,0.00328136014466557,-0.002195455697012072,2.57581974502763e-4,81.6,0.0918725789114545,115.075840161529,2.2655,96.0915088252634,2884.78,53.9253333333333,1,117632,-9.935783020704747e-4,-0.18987415768628857,115113.641665822,562403.73244323,0.07039211164835946
2008-12-01,0.00190812683806016,-0.015071661115205082,-0.008540244217058124,80.2,0.0914025958309015,102.513675947787,2.3936,84.6973307507921,2892.86,40.9030434782609,1,105763,-0.05542625638368115,-0.28145331221432635,106457.896722913,535550.350532259,0.07141265944039842
2009-01-01,0.0031370286246162,0.005200586125888584,0.005394637408129732,79.8,0.0992347426225561,105.370487891975,2.3066,85.5796061430535,2906.74,43.6519696969697,1,103864,-0.05010210243797353,-0.24861307597110205,111478.46955673,541373.55330578,0.06889171756724345
2009-02-01,0.00423893221457996,-0.0056680505063999576,-0.003095540057985069,79.7,0.0985370616414029,101.636591584712,2.3119,87.3164062135213,2922.73,41.8163333333333,1,102646,-0.047075875790701716,-0.261049129354463,111549.505453669,545993.985553322,0.0630289420435468
2009-03-01,0.0018191096731823,-0.012338301031725507,-0.007101698823675839,79.8,0.102166197643025,101.657459125458,2.313,88.4489044921578,2928.57,46.7968181818182,1,113744,-0.04359658155615875,-0.25547345755419393,113629.819217733,550892.580894394,0.05375134859496129
2009-04-01,0.00411394926921856,6.30245478569158e-4,0.0016661639834003594,80,0.102632703360692,103.867904999277,2.2051,88.785566168397,2942.63,50.3869696969697,1,116932,-0.058471131620944305,-0.24286176157074557,116545.783732889,545714.876120119,0.04855232116023064
2009-05-01,0.00466538689263625,-0.00393407607290186,-3.3783784105079206e-4,80.2,0.103516227837937,112.432007969204,2.0601,90.6595470004143,2956.46,58.184126984127,1,127738,-0.03996849601059971,-0.15680638566052707,128622.977906711,558920.667228807,0.040294633227119805
2009-06-01,0.00521077966527562,-0.006779404093943953,-0.003498497910158882,80.2,0.0985579130446914,121.529287127667,1.9568,90.9523510749253,2967.1,69.149696969697,1,135895,-0.043268811335314794,-0.11590716786019328,135658.863110802,560085.968718876,0.034812974346496633
2009-07-01,0.00374447013523472,-0.010462021699472857,-0.006027092708755788,80.5,0.0985833849966751,117.044336999179,1.932,92.7369459155418,2974.22,64.7044927536232,0,142855,-0.04077415962387754,-0.11378804287185318,137610.405248386,564500.028333182,0.030177622894964957
2009-08-01,0.00315339784999417,0.004620946850788066,0.003505041624483063,80.7,0.101343674484608,123.644966954095,1.8444,94.3285398445595,2978.68,71.6296825396825,0,150354,-0.025573433499289422,-0.050287730723340474,148396.5726038,576206.737927302,0.02730042026682926
2009-09-01,0.00331164610339697,8.706990401892156e-4,0.0010459680829164597,81.1,0.0994660692111872,120.101717365073,1.819,95.3975052805417,2985.83,68.324696969697,0,156089,-0.0190526532917783,-0.020319352963925397,154718.404712944,583053.954989993,0.027962523162543426
2009-10-01,0.00267034722047723,8.124115676455546e-4,6.886251048046077e-4,81.6,0.0988861789498214,127.557909161011,1.7376,97.5297175858499,2994.19,74.080606060606,0,175127,-3.115572473237904e-4,0.036229664237586334,165618.293279974,597215.139366473,0.028605583837364813
2009-11-01,0.00364426066566934,-0.0024658357061957403,-6.861995364024764e-4,81.9,0.0992828124065527,132.46017097885,1.7254,100.540235872826,3006.47,77.5374603174603,0,176003,0.0032453144110942134,0.05724465487616648,171057.80437535,602478.523410013,0.029229720004499776
2009-12-01,0.0028189442885551,6.718947573336465e-4,0.001994250533415176,82.9,0.0992343018504982,135.091794622481,1.7495,100.54652006451,3017.59,74.9231884057971,0,171378,0.006565392141620663,0.05284764386361651,172201.871339708,607618.944727424,0.029835109544388748
2010-01-01,0.00563584991479855,0.011478596186010215,0.01071944465098884,82.3,0.0957830292340351,140.879356264572,1.779,101.468083415301,3040.22,77.1707936507936,0,158339,-0.006361247344013776,0.03395745357851432,170817.169557181,602900.565411579,0.03042198793540115
2010-02-01,0.00631427190997232,0.013320251585092535,0.010975353946682809,82.1,0.092735626738623,137.553819929202,1.8408,101.969567564857,3063.93,74.7215,0,152791,-0.002660717580528882,-0.008978703966482371,165375.650456339,608219.561634628,0.03099064608988389
2010-03-01,0.00483093765371488,0.005092516222697796,0.006295313961044435,83.3,0.0917765118207173,142.134457038029,1.785,103.59161368829,3079.86,79.2976811594203,0,177533,0.005755073905778119,0.040158667006982895,175503.007388372,616454.184937501,0.031541428186928726
2010-04-01,0.00485312522356563,0.01331661834173481,0.011070167605790715,83.8,0.088744715824511,150.037752790342,1.7558,103.042567023271,3097.42,84.1360606060606,0,176816,-0.0043761708087899365,0.03212569718112768,175853.5793516,613285.869423915,0.03279742713307805
2010-05-01,0.0044073763950041,0.01662208270711485,0.01294796417826749,83.7,0.0916707489889463,141.225643659624,1.8124,103.242282546057,3110.74,75.5374603174603,0,173905,0.012226894305150893,0.01897810072854078,175257.092147265,626629.715144908,0.040076714043627434
2010-06-01,0.00199200523465653,2.505276752229335e-4,4.8706856912339447e-4,83.6,0.0883950897240555,138.308452289982,1.8057,101.89030293587,3110.74,74.725,0,175093,0.0015358146585899846,0.008363816442763294,175055.531582824,622987.483018956,0.04595690143067366
2010-07-01,0.00189698742434256,0.0074971522093436604,0.0045879208909918034,83.6,0.0884563636430016,138.545068482847,1.7688,101.443196582353,3111.05,74.5156060606061,0,185898,0.015780142869889602,0.030543518218369314,180630.323760597,634964.861607101,0.05026290374371338
2010-08-01,0.00223415916135693,0.016149702698689872,0.011118552047344465,83.6,0.0868283911760665,142.362782418929,1.7588,100.828659199581,3112.29,75.88,0,189077,0.022554949762275456,0.0482319216013849,185491.488296549,642314.22914221,0.05414268811021198
2010-09-01,0.00522090729813647,0.014961560650139205,0.011456882578785965,83.4,0.0818052500612667,145.003114822572,1.7179,101.113487192181,3126.29,76.1110606060606,0,196166,0.030176115695461192,0.0904443462807265,195152.351747226,650254.211883196,0.054595981277699296
2010-10-01,0.00723307572063849,0.014770693004604318,0.011660792899457206,83.4,0.0814931479822739,152.693365680988,1.6827,101.545004617904,3149.74,81.7193650793651,0,208810,0.030910264334329085,0.10526292705583451,199705.174624262,653727.619292141,0.05503485222875963
2010-11-01,0.00767708274605126,0.014504980672624512,0.012528405107747886,83.8,0.0801119257095376,157.826619839809,1.7125,102.804880004638,3175.88,84.5345454545455,0,209545,0.036531696536151514,0.11180658101786278,202614.679283134,660390.650263877,0.05545980936542328
2010-12-01,0.00527174028265956,0.00353773150273895,0.004929962219975437,83.6,0.0805601405570133,166.803581894102,1.6926,103.621322694751,3195.89,90.0682608695652,0,205779,0.0170869147905357,0.12370038441280329,206601.362251638,650557.563776069,0.055884388804672946
2011-01-01,0.00636481800174764,0.011503697450239159,0.010236870307034351,83.4,0.0816761108560083,172.981435946721,1.6741,103.639827980348,3222.42,92.6638095238095,0,195733,0.020398462025621455,0.13553529989448876,210583.630727095,655570.459529863,0.05820059920643743
2011-02-01,0.0065176955150832,0.009893868269051254,0.008338089980687968,83.7,0.0812129197187932,179.468167965246,1.6672,109.70128812535,3248.2,97.732,0,199277,0.039440370473124986,0.1479655915922713,214697.603731932,671041.813065153,0.061751052575797674
2011-03-01,0.00740703085431554,0.004860297636054334,0.005545078750122556,83.5,0.078564022617965,185.473651416459,1.6583,102.679427186752,3273.86,108.645217391304,0,214893,-0.0024253170711290295,0.12831634721112017,211908.598204297,646237.304003861,0.06665297017146928
2011-04-01,0.00676052769465141,0.00257711877971456,0.0055018532853008395,83.2,0.0794975985013016,194.87069783582,1.5856,102.157462266881,3299.07,116.316984126984,0,223396,0.014318679421339908,0.1751281300450671,223451.295838892,659859.693978691,0.0681499314227807
2011-05-01,0.00491956433332766,-0.006889666077322332,-0.002238938400138224,83.5,0.078923801770091,187.741334614091,1.6127,104.768394736456,3314.58,108.18303030303,0,228025,0.032952576462486505,0.1892230453472159,227958.857943526,674985.470384462,0.07034377898088445
2011-06-01,0.00364406512371454,-0.0021013409486076995,-0.0012175866656543022,83.5,0.0787757416773367,185.93717680259,1.5862,102.151363881254,3319.55,105.845454545455,0,228974,0.0278309484032917,0.18850683702207327,229057.710195987,674189.614464851,0.07235010797943481
2011-07-01,0.00352543810194914,0.0026316881293357852,0.0020073793755734926,83.2,0.0780853086152253,188.470696853588,1.5631,102.794628215496,3324.86,107.879365079365,0,234556,0.0209077489065983,0.1860705127312876,229685.283363231,672122.276237654,0.0743464261661536
2011-08-01,0.00547895377354955,0.007248329482653304,0.0062875951793648355,83.6,0.078093841622918,184.134851319023,1.5962,101.306021807353,3337.16,100.454782608696,0,234390,0.01304171193876158,0.17591953311465858,228464.053708377,669368.746160611,0.07631122428169336
2011-09-01,0.00587820120252903,0.008038722149549926,0.006385883311399887,83,0.0797548457428537,182.107492051107,1.749,99.3915702908918,3354.85,101.355151515152,0,211180,2.5284229757005505e-5,0.09104046720609738,210812.294479184,663140.542455307,0.07149437909771925
2011-10-01,0.00407639204458012,0.004833745867599326,0.004344708700284805,82.7,0.0782587490434619,175.684282650313,1.7719,99.5994272592152,3369.28,99.9198412698413,0,216152,0.010078596093483938,0.07042305886380262,207362.715916007,672239.504494375,0.06973325545108988
2011-11-01,0.00466119832744585,-2.5706174839168483e-4,0.0018494488027398504,82.7,0.0744283895565016,178.040256406762,1.7898,100.275462311469,3386.8,105.362424242424,0,218338,0.014003732540611935,0.08788005063014204,211811.808122583,677235.527975388,0.06702983715484591
2011-12-01,0.00379350202474734,-0.0027386390716941378,7.599358872187878e-4,82.2,0.0742080020365062,174.761235152745,1.8362,103.200734126123,3403.73,104.263636363636,0,209568,0.013238211174426695,0.08537585211263199,212007.439964313,679010.457193466,0.06231327818844838
2012-01-01,0.00366947198344516,-0.0018736051614220983,3.8906238526603687e-4,80.8,0.0757529879844715,177.618594010884,1.789,97.6447691769623,3422.79,106.89303030303,0,203259,0.003664672659390078,0.10253548677269819,216343.48444072,674754.162107872,0.060529423169378156
2012-02-01,0.00315318169908105,0.0023872048245845434,0.0027192065766827866,82.5,0.0745089647316883,183.12773659145,1.7178,99.2973331262012,3438.19,112.70380952381,0,213659,-0.005807722152839645,0.11988869498705057,220736.475909574,670526.258975988,0.05783642807386379
2012-03-01,0.00162879084412637,0.0075724470144953315,0.0069707757622552435,82.4,0.0769253129968999,187.234388031873,1.7947,98.8295691959257,3445.41,117.785,0,221353,0.03380129235765139,0.1120987254655077,219553.408467612,699775.14677312,0.052285192376024664
2012-04-01,0.00554931395380446,0.012022428488162262,0.010047446582032826,81.8,0.0761538721427619,184.229929622973,1.8542,97.9542949246027,3467.46,113.750793650794,0,207864,0.011670523328779936,0.05344817081118869,207479.522169599,686505.839148822,0.04820911945384679
2012-05-01,0.00390658553775464,0.007233393665545762,0.007266496984930093,82.3,0.0734013725077083,173.347651197449,1.9854,97.9747255777508,3479.94,104.158115942029,0,202170,0.023566041896062373,0.01809803196455384,200626.98522898,696727.948165895,0.04327752452292808
2012-06-01,0.00290512326154466,0.012353017498970331,0.009518813209954402,82,0.0758327489282885,162.08035007342,2.0486,98.0405894080318,3482.72,90.728253968254,0,192765,0.020019063490591904,-0.013597349093465994,194649.364534635,696195.337248608,0.038674889294148695
2012-07-01,0.0062590274605248,0.021825699441227364,0.01575836245385709,82.2,0.0712981697993898,167.314025591565,2.0282,99.8614157297987,3497.7,96.7504545454546,0,201399,0.028276948280225866,-0.009754157586986167,195621.082231795,703851.319434895,0.035693018400251804
2012-08-01,0.0058817236257087,0.013915534267415985,0.010474224933431309,82.3,0.0711037242379532,171.974397084423,2.0289,102.148007507676,3512.04,105.280434782609,0,206088,0.03321298546050677,0.018247768108995643,201343.512407878,709157.935074972,0.03363908681582265
2012-09-01,0.00627968938984426,0.0039644685246305045,0.004207927961064506,82.3,0.0734585409498549,173.707159468872,2.0275,101.099930498612,3532.06,106.317666666667,0,198273,0.014010356133944413,0.019868962376284216,201777.343764257,697391.071671624,0.029261775768001923
2012-10-01,0.00571235458445257,-0.005665374784101118,-0.002774856788505531,82.4,0.0744663435509137,172.096868282293,2.0293,101.844552341078,3552.9,103.388985507246,0,212176,0.014756853364135125,0.01390729653210876,200625.559888739,699565.087201498,0.027846968274314446
2012-11-01,0.00556638049410896,0.0065605195891231816,0.00624034832266851,82.5,0.0723079110713961,169.751161329954,2.0672,101.278963338373,3574.22,101.165757575758,0,205901,0.00978465004734197,0.01228966489112615,200291.060352201,697671.04563934,0.02710526555592413
2012-12-01,0.00641589219265941,0.0034196893306948084,0.004191191944465267,82.7,0.0739534824751029,170.538214029272,2.0772,101.720831925529,3602.46,101.166666666667,0,198643,0.008370433387023368,0.02322192866837902,202425.239397114,698188.7437922,0.027436979568261646
2013-01-01,0.00657987278596428,5.410525923448262e-4,0.0028935477245326524,83.5,0.077288665147742,174.694947687371,2.0305,102.734520767821,3633.44,105.041449275362,0,200761,0.02213281594466565,0.06762649699349055,211487.47520189,709317.063796128,0.027109401889795978
2013-02-01,0.00458965320071505,0.001098380685567335,0.002239668294915731,82.7,0.0751715526775397,176.177797665212,1.9727,101.710791111907,3655.24,107.657,0,201121,0.020202184735826023,0.08480632014792455,214963.049091478,709327.604403233,0.027386271550535697
2013-03-01,0.00399064031279206,-6.24556053616665e-4,0.0017751619485890657,82.4,0.0744973676743653,171.586812298877,1.9823,102.835595820277,3672.42,102.613492063492,0,218463,0.03362538065386289,0.10066277227490339,218149.283071424,720237.443095512,0.027751591956507893
2013-04-01,0.00479833814051524,-0.003938184275297019,-9.864483415427117e-4,83.2,0.0754315064984576,168.320881143811,2.0016,104.188752559999,3692.62,98.8519696969697,0,222236,0.05046643543317053,0.10866642039773389,219594.722047363,733741.781846444,0.0289876370893734
2013-05-01,0.00400927032500372,0.0043036998579673025,0.006363291096020518,82.5,0.0775100856270145,167.166782087759,2.0343,102.424116821558,3706.28,99.3482608695652,0,216123,0.025979559939491637,0.08720954814033277,214579.023174398,717161.252907852,0.030747883884483282
2013-06-01,0.00455893814947773,0.004929111360159055,0.004313618984127743,82.4,0.0812795672948918,164.701242429588,2.1724,104.306934206428,3715.92,99.7426666666667,0,199370,0.046441077234353756,0.033653190053250626,203005.257377211,733104.665067762,0.035615970112207206
2013-07-01,0.00239497748721911,0.0019205584049286628,0.0014815250903001953,82.5,0.078394902842604,166.667512153814,2.2516,102.278666135119,3717.03,105.207826086957,0,200287,0.03667220316832598,-0.015940365526963873,192773.483715614,727011.582703598,0.038973251289002066
2013-08-01,0.00438263047889655,0.014474250757083418,0.010488842472966553,82.3,0.0748567744632094,169.311802383177,2.3416,102.747937398714,3725.95,108.058636363636,0,193137,0.037895629738832426,-0.024854212514311413,190614.96875284,728863.268254881,0.041261709962237304
2013-09-01,0.0042501570396399,0.014648478003050691,0.011000349415964727,82.1,0.0778536486860872,168.680311308511,2.2699,104.162844369158,3738.99,108.78,0,196654,0.035714106492775954,0.020420426009325254,198933.037084068,728162.048306332,0.04589604029039906
2013-10-01,0.00563495217056932,0.003959426472772698,0.004355820701249513,82.5,0.0763606143194648,166.009943319486,2.1881,102.383295267591,3760.3,105.457971014493,0,216832,0.03681914154338095,0.0549673880531234,205356.267561811,729783.313092778,0.04945539068643935
2013-11-01,0.00513339605169235,0.0037812329602227024,0.0043479086797129085,82.2,0.0717676331835714,164.298087443891,2.2947,103.351511334929,3780.61,102.580952380952,0,204520,0.037764548570569545,0.03672087925352585,201045.760173332,731219.455612793,0.05155843392086797
2013-12-01,0.00761414143796654,0.005470419402016979,0.005761895941290618,81.8,0.0724401510717927,167.885816346645,2.3449,99.328322844913,3815.39,105.49303030303,0,198952,0.03732106043133143,0.03879779203655964,200828.747875805,731570.785753447,0.0561318084403452
2014-01-01,0.00344901523880488,6.56402643301135e-4,0.003024544696046405,82.3,0.0714096292299966,166.688448334506,2.3816,100.89810324122,3836.37,102.251884057971,0,190157,0.04604071920770103,0.03809099210153377,200018.176919725,738589.799932468,0.058936180266834934
2014-02-01,0.0053577788080073,0.01635026738060219,0.012847687098417104,82.7,0.0717604591507004,170.991846037539,2.3831,107.095812843143,3862.84,104.819333333333,0,191058,0.06815942833862643,0.05996661960924321,203725.808907724,755664.710859184,0.06153549483158223
2014-03-01,0.00813354408814691,0.014075183433610583,0.011814444356070375,81,0.0667328709086751,169.83014901628,2.3255,99.0831002940455,3898.38,104.042857142857,0,205168,0.03674195462564889,0.06912090746851796,204846.0054626,732765.952739939,0.06385949271487545
2014-04-01,0.00613654963191848,-0.002163667569672789,0.0013475374999236678,81.2,0.0658594237798723,170.99844055245,2.2322,99.8203592767035,3924.5,104.943787878788,0,214876,0.041603660319879054,0.10838326005796617,212235.784534128,736748.432953721,0.06618353258328033
2014-05-01,0.00480072669718461,-0.014242691638779448,-0.006757699027144959,80.9,0.0667014666104213,168.760389317498,2.2203,98.1846511068173,3942.55,105.731212121212,0,216674,0.03627206624438983,0.135657755673666,217240.973936005,733178.086278962,0.06650945806470746
2014-06-01,0.00576923184822906,-0.010305967023264806,-0.005661441147944757,80.2,0.0667754772152031,169.074608770665,2.2349,95.23521041542,3958.32,108.372698412698,0,206234,-0.0011000124570905712,0.0973108349375611,208213.439224757,706560.393691819,0.06658732407430945
2014-07-01,0.00210564719696056,-0.009171738295988163,-0.0055407271109899625,81.4,0.0690980384863824,165.680713802331,2.224,97.0917112394624,3958.72,105.224782608696,0,218572,0.014983017889404593,0.10974294813038199,209931.044622827,718241.277879507,0.06666819151915104
2014-08-01,0.0046341131233408,0.003509373389658066,0.00308635566672244,80.9,0.071314653467136,160.137018437262,2.2674,98.0790208731953,3968.62,100.05253968254,0,212810,0.02721276125002703,0.12340423585729354,211900.211324372,727252.801333418,0.06675285810159609
2014-09-01,0.00662825108606887,-0.0015778579437117912,2.4929493603043085e-4,81.4,0.0702822073481693,155.058246076718,2.3323,98.218845060381,3991.24,95.8912121212121,0,209924,0.037445930103384484,0.12350609724760453,210987.010459755,734855.995984498,0.0668421127830752
2014-10-01,0.00428354076117409,0.01054581239869723,0.008119134105702308,81.1,0.0695976532540036,146.42700202046,2.4476,98.4002708479796,4008,86.1285507246377,0,206891,0.02405439707349366,0.05543179623405514,196216.526604784,725152.636431595,0.06715390326925656
2014-11-01,0.00504152037576566,0.011630071132570308,0.009792025903609058,81,0.0745232011005427,139.595733455403,2.5477,97.8084357863302,4028.44,76.958,0,194326,0.028850655420786353,0.04320392124319383,192947.549480981,728664.337679623,0.06953749660828146
2014-12-01,0.00629050624022118,0.002120596257886298,0.004227295600808034,80.7,0.0713976067620763,126.234914848171,2.6387,93.8824890966598,4059.86,60.5514492753623,0,188155,0.011446679956817363,0.021938717670222374,188015.733764778,716073.935118983,0.07396201819288184
2015-01-01,0.0102316376716508,3.1330674744989295e-4,0.004324771928392757,81.2,0.0706222172341989,114.224764864217,2.6336,94.0627230470452,4110.2,47.4518181818182,0,178216,0.01572295223156317,0.030001410936804973,188655.012281577,719083.40475914,0.07642465516573826
2015-02-01,0.0105286693708391,0.007512271771690671,0.00825094077145394,80.1,0.0721274519962743,117.588753372027,2.8158,94.3343306636583,4160.34,54.9326666666667,0,163564,0.010027582165879068,-0.046505946235287254,173941.298670331,714903.18491374,0.07988415948830935
2015-03-01,0.012091595902203,0.014422751504211462,0.012588871531374224,80.7,0.0732941583322336,113.572285646043,3.1389,93.480333875773,4215.26,52.8280303030303,0,161908,0.029283535978443354,-0.12373973807841843,160256.771566699,728669.191395895,0.08433380057597241
2015-04-01,0.0067239745511728,0.0052616434006065305,0.005199797446546306,80.5,0.0758862220917914,114.842883210707,3.0426,90.0414453411047,4245.19,57.4195454545455,0,160803,-0.0023782890078809515,-0.12788917714190795,158844.141040435,705799.061277522,0.08543393124256157
2015-05-01,0.00741243379687208,0.0033865256227594287,0.0056535286525312145,79.3,0.0775833952954683,118.693472997326,3.0611,89.8612207071946,4276.6,62.4995238095238,0,158209,-0.017393426190698946,-0.1137805476721443,160347.539680822,695094.728227873,0.09031236901701202
2015-06-01,0.00951239642962749,0.006985160666713952,0.007485861023814877,79.1,0.0809487260513219,116.502403296507,3.1111,88.7910016966495,4310.39,61.3030303030303,0,155090,-0.03858562099685159,-0.14113675174337104,155295.183617327,680313.066190729,0.09476064422324433
2015-07-01,0.00775770030073376,0.00232475288897227,0.00336307775090372,78.6,0.083857802011745,109.743694975107,3.2225,87.3331504164484,4337.11,54.4311594202899,0,154741,-0.03344330705172105,-0.18219105247433554,148361.96128137,683591.981177493,0.09608565883156794
2015-08-01,0.00429995902840247,0.008147653366520125,0.0060820790070765796,77.4,0.0865316666468578,102.520241451272,3.5137,88.2433133136563,4346.65,45.7203174603175,0,140214,-0.02925882083727771,-0.23710701564342251,139794.489221315,686210.368674771,0.10083927830353331
2015-09-01,0.00648574702985996,0.025894358301533416,0.0186676416367888,77.5,0.0894514747205913,102.36254837676,3.9058,86.4288654758692,4370.12,46.2868181818182,0,125819,-0.012587336959938966,-0.33041249245166604,126768.914407069,697477.896859284,0.10103933208126459
2015-10-01,0.008226779850537,0.02127291414070598,0.01623768804932091,77.8,0.091497874202619,102.317376866191,3.8795,86.5293557185838,4405.95,46.9574242424242,0,132184,-0.010116375332160032,-0.32742467063328107,126586.336193314,698920.607393557,0.10125230655040425
2015-11-01,0.0100685516998488,0.007970406968744292,0.008081585798008994,77.4,0.0948529974469859,96.2261494358763,3.7758,85.2548735987582,4450.45,43.1309523809524,0,133928,-0.028387428075529186,-0.2801716785140407,132135.665895431,685977.87935045,0.1014785398144696
2015-12-01,0.00811754993379815,0.006295660047250351,0.006855797603008362,77.7,0.0974251042311243,90.7535910628681,3.8705,82.6540920306676,4493.17,36.5552173913043,0,131490,-0.04444230921196457,-0.2830968830673335,131189.428578879,674760.136064511,0.10171831023044758
2016-01-01,0.0106799668241825,0.016789259368358067,0.015338041961337368,77.5,0.0975742904815799,85.3222816113211,4.0517,84.023806602273,4550.23,29.918253968254,0,117432,-0.036053719566160325,-0.32579453315118023,125182.703601151,680143.340334553,0.10197183741941816
2016-02-01,0.00754942112700199,0.005627280821442149,0.0057687476694727735,77.9,0.100048232346796,87.3708316514425,3.9731,82.5547279003923,4591.18,31.053809523809502,0,121951,-0.05326200109483992,-0.3266969168685705,124561.053879357,668239.831214065,0.10223928368669843
2016-03-01,0.00354435247072104,0.0035209285303849924,0.004031686712368199,77.5,0.104384505111075,93.6085981249725,3.7033,84.1534999934692,4610.92,37.3395652173913,0,141165,-0.034544964665922606,-0.2171943402820613,138423.590020127,680558.092320489,0.10252075521427609
2016-04-01,0.0058528012977131,0.006349042154958795,0.005945876958572072,77.43,0.106270808650302,96.7585413314274,3.5652,83.9522124283005,4639.05,40.7493650793651,0,144690,-0.034701199981988395,-0.1729998925841283,144117.421645357,680144.903057578,0.10281630394963209
2016-05-01,0.00759750061119708,0.01870261259322792,0.014085748391035935,76.84,0.108597103465959,100.582061462381,3.5387,82.5976830888124,4675.23,45.9810606060606,0,144827,-0.048148954895395946,-0.15577371926756456,146066.820420866,670758.728871094,0.10312592844620287
2016-06-01,0.0051230675417785,0.012193491012379987,0.010503729202193668,77.5,0.111163937621731,103.209159081305,3.4239,85.2167058142575,4691.59,47.6871212121212,0,151419,-0.021014422921119547,-0.11394572582921114,151743.812186815,688902.864464503,0.1034495734238833
2016-07-01,0.00623665347923954,-0.005734554578307183,-0.002705663829557281,76.46,0.115053568862827,102.828188816606,3.275,84.1518121273488,4715.99,44.224126984127,0,158459,-0.0357499287566867,-0.09387260665959118,154262.696614415,678529.53733704,0.10378712970575966
2016-08-01,0.00617482105947977,0.003929532736885122,0.0036019391103891962,76.8,0.117762627498203,103.305821882103,3.2091,82.6666500169474,4736.74,44.8430434782609,0,164598,-0.04269263327762829,-0.04379535213655217,161613.785752466,673546.853458434,0.10413843449666087
2016-09-01,0.00186426089014429,0.0011862166000362606,0.0011912957608224417,76.81,0.118759955477988,103.356382500998,3.2558,83.388617397416,4740.53,45.0577272727273,0,160520,-0.05756387571053878,-0.038560335529988166,161903.507153972,663327.89345786,0.10450327050642239
2016-10-01,0.0025813761713236,-5.734091754519e-4,6.00341406193472e-4,76.22,0.120744652287725,106.569699326977,3.1852,82.3948270359941,4752.86,49.2936507936508,0,168908,-0.0543241787330242,-0.0278433977972945,163097.78472306,665211.283805079,0.10388070762215654
2016-11-01,0.00200209228394449,0.002188224410887507,0.0019836393597314483,76.27,0.122966153244476,105.445641197298,3.3414,82.1485790520995,4761.42,45.2780303030303,0,163061,-0.0432235561471952,-0.04517823058911574,159767.454781013,672373.985801287,0.10277239109862196
2016-12-01,0.00161468993503143,0.010786140983399584,0.00873326536557073,76.99,0.127902535139247,111.642793013169,3.3517,82.3837785580339,4775.7,52.6142424242424,0,163105,-0.007268895273996989,-0.0174679159765887,163727.088091821,696726.95045359,0.10067596355750968
2017-01-01,0.00227178361859017,-3.216844595659296e-4,0.0013962895805157416,77.3,0.128443772233354,115.91232862639,3.196,83.396558828449,4793.85,53.6289393939394,0,160567,-0.01857449829849145,0.019331787576145842,169327.371616727,688646.334940524,0.09631317309774201
2017-02-01,0.0021205354889268,-0.0012278713674733766,5.116813118668517e-4,76.45,0.129880590701307,116.369677522492,3.1036,85.0325443695933,4809.67,54.3553333333333,0,164670,-0.01103540421645377,0.04875571095054809,173842.220685076,693619.269760084,0.09318313845461076
2017-03-01,0.00189007920101278,-0.01300405654630854,-0.007656794488094754,76.94,0.130588002975805,110.868620380905,3.1273,83.819589778898,4821.69,50.9057971014493,0,179550,-0.020353599870992056,0.06331826659384632,175853.77803625,686961.593796555,0.0869573229316157
2017-04-01,0.00116840721108229,-0.017578143186516293,-0.011100428348037816,76.33,0.1314914595697,110.97639080643,3.1356,82.4297310233041,4828.44,52.2263333333333,0,171531,-0.025620329143515974,0.04624296557835805,172356.830499593,683142.005436218,0.08183959836307575
2017-05-01,0.00287417897773669,-0.011794199648122117,-0.006257851186068031,77.3,0.129505284580704,108.838276312397,3.2087,84.538623799266,4843.41,49.9115942028986,0,171769,-0.018060990271509425,0.05005968632858249,172503.205991214,688125.629472223,0.0778649964650921
2017-06-01,-6.30338527413524e-4,-0.01324004212554275,-0.008387912732517933,77.31,0.128286569977212,105.644050261,3.2948,84.7844287810007,4832.27,46.1330303030303,0,164823,-0.008038176235604766,0.011079008638292365,165423.019617344,694868.199326713,0.0683330548085409
2017-07-01,0.00312644995485021,-0.0042088447740544765,-0.0017014466397577976,77.47,0.127238286450187,108.48214300067,3.2055,86.075792619958,4843.87,47.6650793650794,0,171128,-0.011960726512624476,0.020418795711075077,166492.665601292,691972.693103273,0.06737557783923652
2017-08-01,0.00349638612633857,0.005402888201044398,0.0039578868993901395,77.66,0.125994814139345,111.37236548452,3.1503,85.6965958514371,4853.07,49.9426086956522,0,176504,-0.02463179007415839,0.06568984744379236,173705.041928146,683100.124228074,0.05929440164531045
2017-09-01,0.00245723496583282,0.00667765475324078,0.0048880340727759375,77.63,0.125001019967932,114.568117364868,3.1342,86.5189156165498,4860.83,52.9103174603175,0,173693,-0.03404984799456123,0.08691950543459903,176929.592184887,676551.613232708,0.05177903690883465
2017-10-01,0.00402446310894273,0.0020771696875643286,0.002456478043638022,77.84,0.124910532128266,116.086469167286,3.1906,86.4012387181425,4881.25,54.9221212121212,0,177981,-0.04129121398562141,0.05251203995113052,170465.278919704,671539.020956,0.048852476599211804
2017-11-01,0.00313565450775664,0.012152248122502485,0.00893972879347249,78.08,0.125068562082892,120.849389666473,3.2587,86.9132827535914,4894.92,59.9562121212121,0,175821,-0.023151032135928062,0.06687408384913951,172449.022641502,683711.698688029,0.04328982909718205
2017-12-01,0.00292083774042551,0.010590875365816821,0.007860419630090654,77.83,0.125589562051717,122.578065105907,3.2913,89.8300048327007,4916.46,61.2087301587302,0,175147,0.01566481399529529,0.09494433221941101,176866.993314011,710660.738863528,0.03979819865720094
2018-01-01,0.00181451332589459,9.025916426699254e-4,0.0023028791705623775,77.99,0.124457619882119,129.840205646033,3.21,87.5292679440146,4930.72,66.153768115942,0,171385,6.312992975914256e-4,0.10867664631765095,178818.646756759,699959.939786223,0.039315222344651096
2018-02-01,0.00224344824154346,0.0063157162286495705,0.004501443301891506,77.83,0.123869694915111,126.82234293578,3.2409,87.6887967481029,4946.5,63.438,0,165774,-0.007840495266099978,0.08565663683824276,174270.35885935,693971.498504587,0.038028640489934075
2018-03-01,2.59250151147992e-4,0.0069732329595231235,0.005559601225664679,78.23,0.125900179137648,126.364721476102,3.2786,87.7240884442994,4950.95,64.1980303030303,0,178920,-0.006771609180322713,0.10169141870244225,176604.194942432,694642.348423341,0.037143379681310755
2018-04-01,0.00187812539443369,0.015340021247803648,0.011049078853549332,78.11,0.123029640023899,128.366239333189,3.4069,88.1765084382403,4961.84,68.792380952381,0,171415,0.0026970853468704092,0.07185885083191934,170947.870538535,701191.105319997,0.035885221565167554
2018-05-01,0.00381666343169114,0.024709835322843432,0.018413895162443517,75.87,0.123489055892081,133.050513850255,3.6355,77.740265433551,4981.69,73.3407246376812,0,153625,-0.055085602879726636,-0.024436821975832856,154834.170181694,661777.461926485,0.03641524950800553
2018-06-01,0.0141017553167585,0.009830959283981144,0.009275314622120945,77.63,0.1223733821894,131.967667620008,3.7726,88.3930169736826,5044.46,71.9942857142857,0,153977,0.0012973300495477957,-0.014801390152914706,155912.252744564,700125.981612674,0.036947980988235915
2018-07-01,0.00384489893462515,0.00641268635086778,0.0050372694819955655,77.87,0.122355277239547,130.274712511537,3.8281,88.6535890748471,5061.11,72.7175757575758,0,153695,-0.016759419919461394,-0.06388691296201188,148045.938358214,687572.519436058,0.03748308515619059
2018-08-01,6.59801227612258e-4,0.017470654724031753,0.011974436644437425,78.34,0.121089762165734,127.977182808237,3.9292,87.7055678445048,5056.56,71.0585507246377,0,151591,-0.017829349292183494,-0.051241655854838086,149529.550472016,686822.696146584,0.03802026500006332
2018-09-01,0.00553703588969188,0.01905092493294802,0.014246024062575025,77.5,0.120043594777334,132.425844075925,4.1159,85.9963601790374,5080.83,75.355,0,139437,-0.0171604460805046,-0.09010472861233154,143447.345522718,687277.479286903,0.03855925589429227
2018-10-01,0.0043742579282461,-0.0037431805530570017,-0.001578992345534047,77.6,0.119910165946761,133.426029349899,3.7578,85.4269507422399,5103.69,76.7260869565217,0,162176,-0.016544546915429947,-0.01615505892051594,154048.111819478,687705.289464569,0.039099823156854216
2018-11-01,-0.00161518137006552,-0.018428394028188855,-0.012386934429934549,77.4,0.121069148765152,121.852794668042,3.786,85.3273489357262,5092.97,62.38,0,159964,-0.012568202126081118,0.005876998574546377,157063.985370036,690458.22858222,0.039641759156332806
2018-12-01,-1.04259137662347e-4,-0.005908117859233286,-0.0025876432331859434,77.4,0.123333588874294,115.962828371247,3.8844,85.2911826173741,5100.61,53.7915873015873,0,154253,0.003174905321401411,-0.001430618555236407,155509.932697757,701435.275002029,0.04018488100699009
2019-01-01,0.002485457187316,0.004039567070099892,0.003991107512083758,77.6,0.122463395294454,117.078243931293,3.7411,85.0678989346981,5116.93,56.4344927536232,0,154498,0.003538879961789476,0.03593457636584141,161006.574755948,701718.84516596,0.04072902822321685
2019-02-01,0.00346750070334621,0.019105951241753516,0.013874111905896491,77.5,0.121876013567949,119.011525008153,3.723,91.4286839644077,5138.93,61.102,0,154892,0.021867782446504336,0.046705721381133714,162323.610372786,714734.390681708,0.04127405968053134
2019-03-01,0.00664637663760148,0.011833213349916605,0.009928930253979118,77.2,0.120473957811197,119.910036313747,3.8459,83.5524992478289,5177.47,63.7898412698413,0,156904,-0.010393374121580479,0.011415527273666015,156285.029477166,692083.814522574,0.04181985094651941
2019-04-01,0.00521023721138465,0.008329326986594943,0.006975832566874729,77.8,0.120475507492598,123.416730613218,3.8956,87.1061766035455,5206.98,68.5716666666667,0,157748,0.0050328678068964905,0.013825388351285994,156252.659334046,702887.970609304,0.04236629178309652
2019-05-01,0.00127371568636698,0.007200867930147403,0.004908263017823877,78,0.119500944479208,120.477540814855,4.0009,87.1371050473366,5213.75,66.8769565217392,0,154238,0.005576065696757837,0.014154680044768497,155895.998645093,703319.219979615,0.04291328375707817
2019-06-01,0.00152991720026122,0.007201661269203186,0.0060641319647833924,77.6,0.118439323455414,115.528942429291,3.8582,86.0588443353702,5214.27,59.729,0,155128,0.007468942103372456,0.032348669255682694,158344.085782833,704704.688559716,0.04346073817236674
2019-07-01,0.00240137866682079,-0.008382236751216077,-0.004705064252124913,77.8,0.117440721449084,117.967954420674,3.7787,85.8612872647894,5224.18,61.471884057971,0,167404,0.013889962402034328,0.04177669392437444,159427.131314859,709300.229384857,0.04400857381131353
2019-08-01,0.00255843552706272,-0.005682871091222452,-0.002867149873420516,77.7,0.118097143652989,112.71228204303,4.0194,85.9630281714584,5229.93,57.595303030303,0,156614,0.015307021012651134,0.022249514830997796,155936.523649027,710364.342982299,0.03955671422472974
2019-09-01,4.44929382240666e-4,0.01153374701509069,0.00765984956218535,77.9,0.118953681509597,114.809066266979,4.1209,86.7718239585753,5227.84,60.0095238095238,0,150130,0.04406813608130378,0.007088854367856001,153189.864394132,731153.40895332,0.03819753226534586
2019-10-01,0.00105252090449421,0.00250522349706106,0.0019472420453698902,78,0.118798221348306,113.021631908557,4.0864,87.1509150877766,5233.07,57.2952173913043,0,158712,0.033958395317291945,-0.006840650978688245,150677.031891775,723860.789797909,0.0354357324886356
2019-11-01,0.00535275992016064,0.022368907000925198,0.01678472271747289,78.3,0.117041389929972,116.907999771541,4.1547,85.8118388638902,5259.76,60.4207936507936,0,152911,0.025072506429101082,0.001623900959931035,151561.821427142,717519.072257419,0.031202255366784146
2019-12-01,0.00954739443238813,0.013683677680343287,0.010612066730951497,77.8,0.117241356001491,119.912673016631,4.1089,85.0502362781523,5320.25,63.3965151515152,0,153619,0.020948146033761716,0.016144316563732275,153377.857812379,714627.832577508,0.028652891047498737
2020-01-01,0.00160701261302378,-0.0018846622450201522,1.3150566266872943e-4,78.2,0.114560647605252,119.554725536022,4.1489,86.8086037341911,5331.42,61.6830434782609,0,145399,0.028216795253316107,0.006247213650601324,151471.574666429,719903.671804886,0.027299653656121244
