"date","ipca","ipa","igp","tradables","nontradables","monitorados","pibhiato","capacidade","desemprego","comm","cambio","pimpf","pimpf.hiato","desemprego.hiato","capacidade.hiato","tcambio","ipcaindice","lpimpf.hiato","lcapacidade.hiato","cambioMA3","cambioMA6"
1999-07-01,0.689206294807137,156.336,163.539,0.0523865859390618,-0.000757385856174353,0.155102119898289,3.10648110677936e-05,78.1683606429072,0.114293779612538,47.5040320131758,1.7995,72.0068161386472,-0.759149248891717,-0.00018099630732045,0.116962312317099,0.031526603924954,1532.47,-0.0104487652352212,0.00146137601641261,0.0369573768805313,-0.00289143972243551
1999-08-01,0.500846714707713,159.65,166.128,0.0612728417913819,0.004760520145624,0.182465930198298,-0.000736694363634105,78.2046043241988,0.11712579239756,49.7544817182194,1.88,73.6241487883272,0.53338186466857,0.00139270852789761,-0.227046388202538,0.0229015085008128,1541.05,0.00729708205569679,-0.00288518854077502,0.0241692623606945,0.000114236509186812
1999-09-01,0.538753417874786,163.153,168.599,0.0661605621280263,0.0094994809531348,0.190278799493833,-0.000630084607056713,78.4280889906065,0.115431877185258,51.77346376741,1.8973,73.9678948618832,0.60683086591402,-0.00154651968401066,-0.392211619809927,0.0134190310442271,1545.83,0.00823888499843939,-0.00494661301059462,0.0299548593023187,0.0251156897924578
1999-10-01,1.08051559137758,166.935,171.189,0.0907642674079039,0.0105087785745637,0.201007401592425,0.000436494147642241,79.2385790371554,0.116837954051722,52.5319085995558,1.9687,74.0370828779134,0.476435642339283,-0.00145975789022841,0.0291346935667178,0.00371957207655322,1564.23,0.00643403262782893,0.000416797239401134,0.00859393202328296,0.0227756544519071
1999-11-01,0.837272854826009,171.998,174.969,0.103431066388715,0.0141524400357707,0.223713253238015,0.000845583324146082,79.8191571465097,0.119022423713231,53.2836966508116,1.9291,73.8935690331724,0.176693263653505,-0.000644567280122424,0.256138442988998,-0.00586224924602369,1579.09,0.00236517600522035,0.0032539892437029,-0.00985996168494522,0.00715465033787466
1999-12-01,0.443100335326429,177.708,179.089,0.112697107534036,0.016281734300992,0.208942229670962,0.00101165642101758,80.288674836038,0.118014975311805,54.0069328504822,1.842,73.4538997679966,-0.437415496953804,-0.0029424147162203,0.441622577337981,-0.0126065792234123,1588.56,-0.00594716459884115,0.00553809590730658,-0.0293256489592956,0.000314605171511514
2000-01-01,0.448258421812788,180.13,181.266,0.113251129196819,0.0170885472288886,0.201176517157017,0.00072820624719605,80.0026970302981,0.124269163504712,55.5724212450119,1.8029,73.2656674388878,-0.8925499556902,0.00227537630278124,-0.0432664601249968,-0.0148315734412234,1598.41,-0.0120705426323537,-0.000535105307298167,-0.0278449599357642,-0.00962551395624062
2000-02-01,0.213710137742224,181.173,182.259,0.0910166245604234,0.0223853528829596,0.18013849491418,1.88236104696204e-05,80.520062794523,0.1273113324287,58.042724064283,1.7745,75.1811042344567,0.620675423054351,0.00492152762947996,0.344184840046381,-0.0132674039741836,1600.49,0.00839679525017711,0.0042781191312784,-0.0187591357123699,-0.0143095486986576
2000-03-01,0.322866045176112,181.086,182.5,0.0693443501813096,0.0193319371949074,0.177927408097952,-0.000249514231568437,80.1831314186234,0.125059309217154,58.487300099091,1.7412,73.6311041342754,-1.44560983051234,0.00313687944466326,-0.0666833959494966,-0.00911981643054413,1604.01,-0.0192624183844972,-0.000841118955164255,-0.00662897982141682,-0.0179773143903562
2000-04-01,0.43149864483288,181.437,183.138,0.0615985536380235,0.0307495966574358,0.161214279044242,-0.000918028092503187,80.3812170064971,0.118308759540038,56.4551399290546,1.7674,75.6392476793808,-0.0911521151404173,-0.00241323932020901,0.07571241236937,-0.00378197344889864,1610.75,-0.000974113082742534,0.000934492651571084,0.00973710577702288,-0.00905392707937066
2000-05-01,0.289919640774857,181.568,183.474,0.0561046120785911,0.0298217364484028,0.156370119358121,-0.00206350511320375,79.8129687800096,0.116981647444038,59.4040595903128,1.8271,76.327529163998,-0.11349396027903,-0.00216241916809694,-0.56292138412384,0.000647606026292907,1610.91,-0.00125106157637322,-0.00702966287664175,0.0124567147849258,-0.00315121046372208
2000-06-01,0.526931635355207,183.282,184.872,0.063292592623216,0.0294093541332765,0.140097640803879,-0.00113994422811703,80.1157914215026,0.117134850814986,61.3221217602032,1.8075,78.3527456274994,1.2311692771906,-0.000236073975051487,-0.383558880715967,0.00341422195852385,1614.62,0.0160317375186692,-0.00476943130265539,0.00553635589988499,-0.000546311960765914
2000-07-01,1.21961556469941,186.559,187.132,0.0741003499174429,0.030852403192841,0.122860976103074,0.00125949875119585,80.975730572117,0.115637570797844,59.8455702146376,1.797,78.7827254278658,1.1058220587269,0.00020796035306607,0.301882723094295,0.00610180074923459,1640.62,0.014267220300483,0.003748698773272,-0.00342917799905655,0.00315396388898317
2000-08-01,1.24918822144574,192.286,191.855,0.0823445411997039,0.0351754986430755,0.134802776735189,0.00172842492186476,80.8092019479377,0.114103258193625,60.7517604011792,1.8084,78.1860557156422,0.085813661266215,0.000773046915270179,-0.0606054086131849,0.00927478645110442,1662.11,0.00118026848120412,-0.000732049512868649,0.00565031768719049,0.00905351623605812
2000-09-01,0.45309944842038,196.668,194.766,0.0813737318643644,0.0380705160184254,0.128256922826622,0.000630033432154786,80.8029202257124,0.110880120125794,63.5818003439737,1.8384,77.1510209696898,-1.31320376164565,-0.000217625748553649,-0.276407355449535,0.0126412407248133,1665.93,-0.0168168843500007,-0.00339686271869866,0.014838222456427,0.010187289178156
2000-10-01,0.0604381475814054,198.257,195.769,0.0560315098501616,0.0411809949917132,0.119522030520868,-0.000196073449783452,81.1413839820388,0.113135949317651,62.8624877810642,1.8788,78.6312403641299,-0.216404504879861,0.0043232142299533,-0.148772024609642,0.0156973588642584,1668.26,-0.00269301487991758,-0.0018175800267155,0.0246499889376042,0.0106104054692738
2000-11-01,0.223902497224228,199.297,196.452,0.0446403733262957,0.0408692641548889,0.110839305171256,-0.000277789181662325,81.7345985133856,0.10714095140133,63.9327297782617,1.9472,78.150101358958,-1.08491078935721,0.00060087645373863,0.264403551831947,0.0182130190559686,1673.6,-0.0137371081381836,0.00324752713962617,0.0217745141873574,0.0137124159372739
2000-12-01,0.423300782751512,200.213,197.455,0.0363553302147557,0.037234581500452,0.129046167727455,3.76544023351078e-05,81.8647117653028,0.100896358372649,64.4362742025608,1.9625,81.0302878353832,1.43498872961931,-0.00375869592710353,0.288046341674359,0.0203917726670136,1683.47,0.0178993441772999,0.00352623892097714,0.0130305784815833,0.0139344004690051
2001-01-01,0.384990237162052,201.799,198.699,0.0343954664470556,0.0357946921458658,0.132415113921192,0.000145903314441198,81.6941504898624,0.101269755976741,63.945196494789,1.9537,79.8557453124015,0.0361601246487027,-0.00230634700154606,0.108378798313524,0.0236969278855235,1693.07,0.00045753212610844,0.0013284791577064,0.00910152870475171,0.016875758821178
2001-02-01,0.517405767476111,202.375,199.501,0.0343954664470556,0.040025795301986,0.140694162826173,-8.57853878100112e-05,81.8224465030989,0.09892115218796,60.9836461992125,2.0011,80.1065647190315,0.204587322974874,-0.00453063640339822,0.328047642244684,0.0286896632396875,1700.86,0.0025457616192579,0.00402470991945947,0.0206944267331488,0.0212344704602531
2001-03-01,0.463118114732213,203.109,200.217,0.0420753364698394,0.0450104421491644,0.127170817683006,-0.000234255773392367,81.368282708609,0.103699900310747,59.0334937333511,2.0882,79.8327477595126,-0.00643115308011488,-0.000565190171807436,0.0610694338996893,0.033907128208261,1707.32,-8.76871231927367e-05,0.000768803089764347,0.0383174959300278,0.0256740372058055
2001-04-01,0.581912967035645,205.457,202.093,0.0478038865453851,0.0444936730649246,0.125931549417687,-0.000475898938152586,81.0353751274834,0.105865247599863,59.394886237194,2.1917,79.7667665702921,0.124184942097529,0.000191544662959023,-0.0170589098244136,0.0375477606349263,1717.22,0.00157703322167002,-0.000182641052514754,0.0458818833153213,0.0274917060100365
2001-05-01,0.673350092223675,207.949,204.306,0.0529401801068823,0.0494081993071969,0.127728368168005,-0.000973263722482354,80.7050790895901,0.113329501149072,59.9811472113176,2.2964,79.7152549025545,0.392139204875576,0.00603475973825265,-0.0575857513362763,0.0384345077244383,1724.26,0.00499255594746906,-0.000680617743313405,0.0428983288709105,0.0317963778020297
2001-06-01,0.822423350409111,209.573,205.709,0.0495905344399747,0.05151016865984,0.142586152836951,-0.000199750313523817,80.6136003181738,0.109164816686691,58.4278398181113,2.375,78.5344405099492,-0.366186843604339,0.00040574303791957,0.144315714952612,0.0361676809056178,1733.23,-0.00454394985806417,0.00182246956402121,0.0391984805668049,0.0387579882484164
2001-07-01,1.00132997523302,212.959,208.415,0.0429639393719909,0.0558209292752831,0.133487558316615,0.000800611609035273,79.9175688659811,0.108578223134422,55.8989135324686,2.4652,79.1677274070065,0.744610250487881,-0.00155262051607906,-0.281968904939205,0.0309385273543662,1756.28,0.00959771190289782,-0.00349923720994472,0.029620129794242,0.0377510065547816
2001-08-01,0.683192568201753,217.291,211.899,0.0382180356019728,0.0559259129612013,0.115043397521635,0.000184022275675488,79.7144657367432,0.109914830913664,56.1290813265519,2.5098,78.6689939069929,0.756699272205012,-0.00158849554154594,-0.276564456162703,0.022757874511978,1768.57,0.00983478325179465,-0.00345024226482771,0.0391393522596645,0.0410188405652875
2001-09-01,0.490293124840779,219.047,213.233,0.0386322871872502,0.0530862715618035,0.120397211974075,-0.000170154992972182,80.1254397545393,0.112183168756964,54.0407974023588,2.6709,77.4783052284812,0.0349753012173153,-0.000675155207473313,0.264316493016537,0.0120915241735969,1773.52,0.00062131624449524,0.00331160306941758,0.0351553260708776,0.0371769033188412
2001-10-01,0.757256794783618,221.56,215.08,0.0492252772175572,0.052247326115429,0.133621866471719,0.000246181383182442,79.6663680903099,0.115455724319512,50.3946720675826,2.7394,75.16208949472,-1.98363224152642,0.00139213508839436,-0.140953844232669,-0.000941338428016636,1788.24,-0.0258827025759008,-0.00175898857587331,0.00428870480630076,0.0169544173002714
2001-11-01,0.609094606074542,225.045,217.812,0.0627656994625618,0.0526675107320274,0.127789439732178,0.000498559348709349,79.6363137441722,0.11576457123087,48.1728443833486,2.5423,76.478363916275,-0.673115961407689,0.000826169885643865,-0.209794495948302,-0.0126230092440511,1800.94,-0.0085817946616622,-0.00261308798288162,-0.0409830381297347,-0.000921842935035074
2001-12-01,0.45976813244754,225.44,218.717,0.0729611133876549,0.0571994193184788,0.107839294248253,0.000582024510353829,79.0980244850806,0.116241820860273,47.897347429039,2.3619,75.9006175807973,-1.54957819945976,0.00083983066116812,-0.885819690634989,-0.0173500591219781,1812.65,-0.0199897810898779,-0.0111057932714527,-0.0472858869965033,-0.00606528046281287
2002-01-01,0.30907670892447,225.519,219.288,0.0760640124989669,0.0559397238531008,0.102565961629856,0.000309322380833643,80.4577105795757,0.117404698187447,48.5321298829954,2.3771,78.5386305329738,0.555497211999011,0.00197179617331818,0.245881407903909,-0.01397381340529,1822.08,0.00734431283950698,0.00310001412150651,-0.0165992112320174,-0.00615525321285831
2002-02-01,0.381525411739539,225.402,219.585,0.0787514850576561,0.0579304814194044,0.0920423652571711,0.000219901892239027,80.7757313139964,0.115755131949726,49.5493592357839,2.4188,79.249227796823,0.668926129138583,0.000685151809465656,0.317967648009272,-0.00538436275304549,1828.64,0.00870627936887836,0.0039826765670723,-0.00227996159037547,-0.0216314998600551
2002-03-01,0.656520288091807,225.54,219.983,0.0776771383939203,0.0560381283770166,0.10503507086261,0.000827490177962631,81.2815707972096,0.110821316797438,53.9730665501868,2.3458,80.7323178162236,1.62072492257656,-0.00367231972582321,0.614569209727165,0.00699204431820975,1839.61,0.0204551675422078,0.00761987853068824,-0.00816216676964177,-0.0277240268830725
2002-04-01,0.795586715823848,226.116,220.773,0.0724280151552221,0.0502908399284974,0.129581577339646,0.000669392288372095,81.2330439418579,0.11343513623939,55.780683891944,2.3196,80.305899981778,0.81097417439787,-0.000498338556193689,0.425318026875416,0.0233643059410967,1854.33,0.0102605656105998,0.00526867705021239,0.00827523580956883,-0.00416198771122428
2002-05-01,0.45789065774627,227.198,222.31,0.068371045063047,0.049662925914989,0.128231748727012,-0.000403922168109416,80.4706123788717,0.114320215508144,55.9384911848833,2.4796,78.9448694749722,-0.819712556481974,0.000964777612173562,-0.421631332470923,0.0412390981448099,1858.22,-0.0102654495808361,-0.0052160304781772,0.0485007516615066,0.0231103950355656
2002-06-01,0.74445432168045,231.839,225.314,0.0677317485366309,0.0498727535863361,0.124119387905133,-0.000332702131614238,80.5687548840057,0.113280165207016,54.9353874723174,2.7132,79.6314673883779,-0.381601126113509,0.000590475542415786,-0.394643615847727,0.0556392127522155,1866.02,-0.00473679043827602,-0.00488293473826751,0.078301251350459,0.0350695422904086
2002-07-01,0.958370484369104,237.806,229.495,0.0664597559840205,0.0531137469503253,0.114987276823505,-0.000523213372829512,80.9675511514499,0.11338492926964,56.4325260312108,2.9338,80.1536542476912,-0.120385243764858,0.00144926741193163,-0.0662108846695446,0.0634156315730488,1888.23,-0.00145708899164898,-0.000818235853070171,0.0754334545417573,0.0418543451756631
2002-08-01,0.688923485242535,245.261,234.692,0.0731363896545953,0.0508102569490421,0.106041756872762,-0.00230921397781081,81.2909193189417,0.109376245258445,56.6805808487113,3.1093,79.0505983517912,-1.50315311734298,-0.001758935209632,0.203347380006775,0.0638885910598252,1900.5,-0.0187835624489683,0.00250227628343769,0.0694004246032756,0.0589505881323911
2002-09-01,0.910963299746763,253.478,240.314,0.0859767891718508,0.054483317869167,0.100316105169687,-0.00388930481156907,80.9352656240189,0.11188484867423,58.9262023415756,3.3412,80.9195550102419,0.0697373275549182,0.00145072446709811,-0.169046475435408,0.0574376264967015,1914.18,0.000919410915110497,-0.00208685260606778,0.0866812537019048,0.0824912525261819
2002-10-01,1.24954012010243,265.672,248.3,0.0983381997186943,0.0549036819584112,0.100642447069392,-0.00235356065405157,81.1915687976711,0.107833088345073,60.1042527078095,3.8051,82.2933815863388,1.24145175728962,-0.00201899757501953,0.113502703822675,0.0440266070862342,1939.26,0.0152609342577552,0.00140502918423024,0.0465784579202204,0.0610059562309889
2002-11-01,2.913900462448,282.667,260.037,0.123613538043085,0.065956958737738,0.141581310839054,0.000189807213522686,80.9261050144526,0.107928368787676,58.0255435951159,3.5756,82.1213695130316,1.06658299302843,-0.00158444699500039,-0.0646754929659039,0.0246600801925762,1997.83,0.0131456416890652,-0.000781703797374078,0.0271839500778093,0.0482921873405425
2002-12-01,1.87853582694114,299.36,272.698,0.148637099961297,0.0747770591838777,0.153166356476859,0.00151276885964857,81.7807240865154,0.113598399940968,61.3321418800279,3.6251,80.8771826891101,0.0349640958366138,0.00420329347433504,0.94817303356011,0.00651608446011083,2039.78,0.000531344583723836,0.0116923882948576,-0.0338562395661971,0.0264125070678538
2003-01-01,1.993837282104,307.13,278.954,0.161885772885182,0.0848207060238508,0.193037692237866,0.00245019441872724,80.4,0.109258680160226,65.3393453883986,3.4376,80.1857226029123,-0.288911497214912,-0.000105312307444996,-0.18882995177421,-0.00946428076914492,2085.68,-0.00346706535526931,-0.00230649512558667,0.00133973608954234,0.0239590970048814
2003-02-01,1.53603842625978,315.342,285.691,0.166980239652192,0.0909447805255208,0.23004317777305,0.00240141230596674,80.2,0.107674133427684,70.3454820826314,3.59,81.6298885687365,1.61493716776765,-0.00191215774747654,-0.113145186140201,-0.0218206248044057,2118.43,0.0201287803374406,-0.00136981519828527,-0.0168795724319037,0.00515218882295284
2003-03-01,1.25295363081536,320.823,290.206,0.180126363376715,0.0980041544164276,0.228463238902282,0.00228147374946924,79.7,0.107637933491841,65.827640913317,3.4461,78.3757073992768,-1.12963854468977,-0.00258332540314388,-0.34546735775352,-0.0322260580363738,2144.49,-0.0141775414317777,-0.00429267213345508,-0.0325379517327666,-0.0331970956494818
2003-04-01,0.955612966591896,324.815,293.814,0.191914659884324,0.0987688573396104,0.21703958897122,0.00203981575277684,79.7,0.109714361953032,61.8662124815534,3.1179,79.4564963758484,0.352555926606087,-0.0015765032305228,-0.117643609439725,-0.0376725936066661,2165.29,0.00454861508678661,-0.00145462175283395,-0.0648957977207634,-0.0317780308156106
2003-05-01,0.821226488024228,323.454,293.871,0.202396171832943,0.095482410109283,0.223227925864295,0.000532489139657755,79.9,0.112479187816101,63.0610432878967,2.9549,78.1142495806003,-0.7735036578527,-0.00015241736208714,0.26328235630757,-0.035775655120039,2178.5,-0.00975861588087579,0.00330812117412282,-0.0595399587951949,-0.0382097656135493
2003-06-01,0.18087714814904,318.639,292.131,0.204435961766198,0.0942782223895662,0.197104015246667,-0.00115702625220254,79.4,0.116594781291108,64.3593301568151,2.8824,78.007154617039,-0.951960392894094,0.00262799511431697,-0.101286731868697,-0.0286315646803925,2175.23,-0.011983784181079,-0.00127857735003278,-0.0265722288834366,-0.0295550903081016
2003-07-01,0.0614417237758365,315.04,289.996,0.196415167666374,0.0868910567862216,0.175743832447316,-0.00159235804539026,79.2,0.115383182602927,63.2848797556019,2.879,78.042922553155,-1.32189884485815,0.000374410199905278,-0.228850968033996,-0.0196231874960141,2179.58,-0.016543673335514,-0.00289717868402573,0.00523799516731738,-0.029828901276723
2003-08-01,0.414006279984797,314.743,290.599,0.182354985466858,0.0853748675878352,0.184079110740252,-0.000829823260932117,79.3,0.1166449215652,64.4368237581565,3.0017,78.7351308691983,-1.34818948671,0.000986311924601774,-0.129638386089638,-0.0118612764480244,2186.99,-0.0166181086089869,-0.0016490288779254,0.00454834429225381,-0.0274958072514706
2003-09-01,0.947424215337882,318.718,293.369,0.172802013862928,0.0835385446629751,0.201971229795769,-0.000217988694626969,79.7,0.116974342071873,64.4991290214764,2.922,82.370894187532,1.37274241766173,0.00113011695572933,0.202553740316276,-0.0071324424324372,2204.05,0.0171993203249272,0.00252977800413312,-0.00212555383373362,-0.0143488913585851
2003-10-01,0.252704433905051,321.036,295.328,0.153978415284585,0.0812717276239314,0.188784947278737,-0.000592657593545376,79.7,0.117840399894053,67.4547028213942,2.8607,83.3330087054285,1.43694882939994,0.0022760398276447,0.0832357548890741,-0.00337520059510309,2210.44,0.0177256529517376,0.00103473027250711,-0.00999843895418392,-0.00238022189343327
2003-11-01,0.258534086126005,322.723,296.645,0.116879089904225,0.0724088446106206,0.14398750895478,-0.00068067546984546,79.7,0.114076985452011,67.3819146237766,2.913,84.1856970779539,1.5233496961894,-0.000821909022963613,-0.08662470291614,5.19346007773376e-05,2217.96,0.0184832511219213,-0.00108777200558219,0.000285070857478568,0.00241670757486619
2003-12-01,0.322078891299455,324.726,298.391,0.0869240639646947,0.0664710459851316,0.132043977392758,-0.00010258822378395,79.9,0.112965655140225,70.5063078649893,2.9245,82.7558968177335,-0.529588460936296,-0.00112546549258929,-0.112036051970932,0.00251054472235022,2229.49,-0.00625379624552647,-0.00139080923332546,-0.00113218006610105,-0.00162886694991734
2004-01-01,0.520999369390102,327.598,300.649,0.0741027833517225,0.0605888063933691,0.099444425313356,0.000537931773335054,80.2,0.111137408301751,73.1233565839023,2.851,83.6158402707876,-0.247475874895656,-0.0021879121162918,-0.0917873372991238,0.00465923385639399,2246.43,-0.00288310396560654,-0.0011205021256524,0.00188276067513623,-0.00405783913952384
2004-02-01,0.557373614044394,330.34,302.99,0.0663232910226539,0.0616333098465829,0.0732187526230854,0.00052710282946572,80.4,0.10996094787895,72.8798439029803,2.9295,82.8120612567138,-1.64359856425138,-0.00274402304302133,-0.216623777300342,0.0072592398018509,2260.13,-0.0195952683716998,-0.00265663984732623,-0.00226447038451923,-0.000989699763520332
2004-03-01,0.478551759092456,334.588,306.183,0.0584393944506216,0.0572229637522643,0.0610086065455573,-3.06931402641042e-05,81.2,0.11357454221953,75.5326717866659,2.9047,86.1552323370622,1.05066416278864,0.00139807800600979,0.229299443945465,0.00890978783322315,2270.75,0.0123237588985123,0.00286724323999543,0.00627747493978041,0.00257264743683968
2004-04-01,0.347525185260658,339.781,309.864,0.0521584762756602,0.0536491338887151,0.0516785239467472,-0.000595387120821078,81.5,0.116790124337173,76.4752780606294,2.9052,85.5568986413758,-0.177189366353545,0.00530094396610167,0.177380029814046,0.00963905353118437,2279.15,-0.00202058142694916,0.00221723290218101,0.0188137703016507,0.0103482654883934
2004-05-01,0.672405308898278,345.285,313.705,0.050073962206763,0.0573369058573256,0.0468796734258121,-0.000573267359384066,81.3,0.109958212352449,79.7446991672955,3.0996,86.8337609041603,0.490060487753297,-0.000534664605211857,-0.357447275693758,0.00822512782437663,2290.77,0.00570358315432795,-0.00435421519246848,0.0247198704217321,0.0112277000186064
2004-06-01,1.00810407495758,351.384,318.407,0.054467577111394,0.0610390658918405,0.0685618650859747,0.000191428249433412,82,0.109365276352628,78.3882366085363,3.1283,86.3510402660792,-0.569124605168085,-5.26258369536736e-05,0.0270169582686037,0.00276640639488533,2307.03,-0.00652719064190599,0.000352654508727568,0.0146795415945025,0.0104785082671414
2004-07-01,0.819383020525404,356.803,322.584,0.0609036910001071,0.0654932029000821,0.0808673526616692,0.000904278489948285,82.6,0.106209044372461,79.7234853285602,3.036,87.2252364235174,-0.260189179663797,-0.00224717271912539,0.358635722289321,-0.00457891587508238,2328.02,-0.00293842133979982,0.00436217311683063,-0.010653675708425,0.00408004729661282
2004-08-01,0.778704994643209,360.109,325.303,0.0633420626292664,0.0734668598764845,0.0815103433533182,0.000437326959707163,82.5,0.107986940328944,80.9604271813244,3.0021,87.9301809523607,-0.09038458255732,0.00019093600561372,0.0633322766251183,-0.0111895370820191,2344.08,-0.000993926010068868,0.000767361138527711,-0.0263764743491205,-0.000828301963694174
2004-09-01,0.484717784806716,365.878,329.376,0.0604901468955834,0.0701493967465698,0.0724480031339738,-0.000552305904753192,82.8,0.105906907458702,80.5926412270702,2.8903,89.1921745650137,0.704187718463828,-0.00155719934352044,0.241280995164516,-0.0162656358238628,2351.82,0.00794862441740918,0.00291004782875959,-0.020828431494142,-0.00307444494981979
2004-10-01,0.405702779157055,366.792,330.147,0.0591189143603095,0.0698288967774936,0.0802713971810189,-0.000830726468771192,82.6,0.103986581568949,86.3939112683085,2.8521,88.7479975100567,-0.0956048870516497,-0.00351449446515016,-0.0118908010849168,-0.0190102107801034,2362.17,-0.00106477291915041,-0.00015531144608083,-0.0249974532320428,-0.0178255644702339
2004-11-01,0.612982627172715,370.526,332.881,0.0614431653444418,0.0683375491169451,0.091573559068624,-0.000267796196420367,82.3,0.109685513744633,83.7253832062406,2.7852,88.9317488482203,-0.162134600870147,0.00184985210251823,-0.317878987164349,-0.0201832529166558,2378.47,-0.00181192487391524,-0.00386593226648113,-0.0205615873857115,-0.023469030867416
2004-12-01,0.677655901283389,373.784,335.437,0.0628160397996675,0.068549984501538,0.10200364383727,6.86103884913192e-05,82.6,0.110545909343085,82.5679413494841,2.7174,90.1711250824739,0.932687939540997,0.00240162544347369,0.00247428299236674,-0.0201351186779171,2398.92,0.0104132927990266,2.15013794129248e-05,-0.0192322872743672,-0.0200303593842546
2005-01-01,0.360639144196307,374.799,336.858,0.0622874333937191,0.0665392437165988,0.0983973248917496,-0.00010073057506782,82.6,0.108170757147642,85.426576137206,2.6922,90.0848370401357,0.819607161666184,-6.54193377176565e-05,0.0511495398931174,-0.0194712317261665,2412.83,0.00916703498186422,0.000614810752995076,-0.0233209171352144,-0.0241591851836286
2005-02-01,0.522730081956312,375.429,337.916,0.0622874333937193,0.06695897580779,0.0973017759939925,-7.14059538634571e-05,82.4,0.109088940820527,87.4442907365214,2.597,87.5431873741931,-1.68600466256092,0.000995938793466794,-0.0700503314804877,-0.0191207491245897,2427.07,-0.0190378242123641,-0.000849678849805358,-0.00166012185324982,-0.0111108546194807
2005-03-01,0.601365331279524,378.05,340.172,0.0570123939985769,0.0650514210238666,0.112235533777959,0.000775275412552845,82.5,0.109945079958866,94.520957850601,2.7039,89.0837684190606,-0.160330726430288,0.00225335370357822,0.137005182115956,-0.0192837752381848,2441.87,-0.00175504507626023,0.00166723085671006,-0.0143965505695883,-0.0168144189219777
2005-04-01,0.8318394562519,383.47,344.158,0.0615344846305481,0.0681326751349693,0.121326773188824,0.00164939350503429,82.5,0.108198494872864,94.0729819516697,2.5784,88.765055676845,-0.537621367027313,0.00111767478403264,0.275475981445283,-0.0213724172397466,2463.11,-0.00599179536985872,0.00335444224480774,-0.0191509715355488,-0.0212359443353816
2005-05-01,0.615818884512944,381.835,344.147,0.061218394957705,0.0689842009347779,0.120209357370997,0.000858678640585753,81.8,0.105491450484939,91.6042781847429,2.452,89.7502635731793,0.36412323033413,-0.000979087478504559,-0.261314562241097,-0.0225181140191493,2475.18,0.00411527152620383,-0.003177080947939,-0.0379829076330242,-0.019821514743137
2005-06-01,0.267198048868834,377.627,342.743,0.0521643491277093,0.0673856800481245,0.10701477026547,-0.000269799243601931,82,0.101561478819982,95.4697097981618,2.4127,91.1773286264357,1.74022445056677,-0.00458990093399116,0.100178636703731,-0.0217300561085357,2474.68,0.0193241068371961,0.0012350833247794,-0.0277135014359156,-0.0210550260027519
2005-07-01,0.220466782989199,375.219,341.472,0.0437930763350465,0.0658983306382834,0.0956067271917749,-0.000940619018062139,81.7,0.104248054043603,97.8478711178076,2.3727,88.9078861935736,-0.516440354549076,-0.00209549597343146,-0.0477377946223925,-0.0200095732246393,2480.87,-0.00573635211436585,-0.000572944302263068,-0.0127757161300944,-0.0159633438328216
2005-08-01,0.282510920090271,372.309,339.695,0.0387978552319481,0.0568196680221704,0.0931098034179525,-0.00149284533273886,81.7,0.105267737744347,103.80457349774,2.3598,89.5133616469488,0.0718536880170291,-0.00166997550447891,0.0800502683676001,-0.0179579082753136,2485.09,0.000866799402388985,0.000989078706124857,-0.0168746055874137,-0.0274287566102189
2005-09-01,0.492671687502166,368.914,337.354,0.0344522865148422,0.0596730811258301,0.0966959077536511,-0.000924541199807449,81,0.110962686570317,107.687228319452,2.2936,88.4837283286825,-1.06154182972709,0.00328860246663419,-0.52791563029156,-0.0159399730327805,2493.79,-0.011843692100495,-0.00649005660868784,-0.0168560670471301,-0.0222847842415228
2005-10-01,0.706105084955031,371.013,338.98,0.0346583321848979,0.0614720068677059,0.10561744192387,-3.51122295446649e-05,81.4,0.110361509733155,107.178505587613,2.2557,88.6868155903813,-1.11057816898064,0.00218853134395509,-0.0888412972494592,-0.0134227723001513,2512.49,-0.012340447825105,-0.00108666654653167,-0.0218614513846734,-0.0173185837573839
2005-11-01,0.477533620881367,372.225,340.161,0.031568877624776,0.0661289784802475,0.099512069993317,-5.00194699465939e-05,81.8,0.111412976097843,101.196128312772,2.21,89.6073097506265,-0.576134349666262,0.00312215315085874,0.317970097786244,-0.0107717944004129,2526.31,-0.00629253409655561,0.00389797170408102,-0.00129597029624099,-0.00908528794182735
2005-12-01,0.193336601526157,371.614,340.368,0.0273663414579819,0.0635855296250261,0.0897559735426219,9.86697892935706e-05,81.7,0.106529753995281,106.182001974206,2.2847,92.2141867957941,1.60493620114744,-0.00151142010429865,0.219593903268589,-0.00858511452819357,2535.4,0.0176640162188262,0.00269464876076952,0.00256139751778213,-0.007147334764674
2006-01-01,0.380499614723805,375.44,343.219,0.0258326536472868,0.0648519541492869,0.0905149320357861,0.000543933120319307,81.3,0.105940576514217,107.905760485708,2.2731,91.3595904765469,0.420312405911986,-0.00172117216612974,-0.179723758239447,-0.008156951952097,2550.36,0.00468737850843759,-0.00220417315507326,-0.00745838806760579,-0.0146599197261396
2006-02-01,0.324768670595221,375.76,343.79,0.0242948273625863,0.057416422211384,0.0933457415638344,0.000905397132939412,81.7,0.108127411060019,106.110057822923,2.1611,91.6219868347273,0.468766243402271,0.000845662618558146,0.208497102919253,-0.00777845921307364,2560.82,0.00517330338923205,0.00256074652170835,-0.0200696329085941,-0.0106828016024175
2006-03-01,0.411875342455288,375.323,343.69,0.025419414956257,0.0555225420521992,0.0867612721951514,0.00114711187555233,81.4,0.106407380295182,106.826432285565,2.1512,90.9556942721283,-0.305255020675858,-0.000499420238247478,-0.114359938313868,-0.00552060496859704,2571.83,-0.00333105581370496,-0.00139649811915188,-0.0219090107790768,-0.00967380663064732
2006-04-01,0.171362418290437,371.206,341.467,0.0141432553505361,0.0528976476374665,0.080314201171648,0.000961625560397972,81,0.105610915201033,115.698565260193,2.1285,91.1754916144701,-0.130499598721485,-0.000992332750016381,-0.561880725483888,-0.00252357846235828,2577.23,-0.00142531289372361,-0.00690365683116312,0.00248940858309736,-0.00248448974225422
2006-05-01,0.197559953779937,372.552,342.694,0.00568534893180672,0.0480750556040785,0.0824694414732376,4.88686121278281e-05,82.1,0.103155823831124,119.892187500183,2.1773,92.3407026164634,1.03074555028344,-0.00324575309815206,0.460559572020955,0.00013913597707307,2579.81,0.0112238278159094,0.00563482959557948,0.0145975537970402,-0.00273603955577697
2006-06-01,0.054736210893626,375.417,344.655,0.00206270809114772,0.0436801721840128,0.0848546906431504,-0.000566051469366724,81.9,0.107501767997269,117.227587602056,2.2475,90.3157649797571,-0.969323136066222,0.00124074058014696,0.187927005872652,0.00081359571717942,2574.39,-0.0106780812024887,0.00230494352284794,0.00926629045424765,-0.00632136016241456
2006-07-01,0.205432590073411,377.692,345.992,0.00457414344977236,0.0428479742992851,0.0793680197563196,-0.000646284267968922,81.6,0.110059318678131,121.713228044239,2.1885,91.8032189645155,0.485589137421542,0.00415151390230167,-0.177879061793718,-0.000536637129650266,2579.28,0.00530607476681233,-0.00217184364749201,-0.00341615029491567,-0.000463370855909158
2006-08-01,0.176655633138397,378.871,346.91,0.0059830833424086,0.0438896764012722,0.0716498255540696,-0.000864971473814591,81.8,0.107449312763531,122.41103477327,2.1551,91.5282492962931,0.104015901317709,0.00229211723117051,-0.0484518208085802,-0.00172809354278256,2580.57,0.00115647682645559,-0.00058831829140793,-0.0120198434371016,0.00128885517996926
2006-09-01,0.346464465045073,380.562,348.168,0.00779421511877998,0.0436814606485243,0.0642166618809834,-0.000690368794610818,82.1,0.102304650649165,112.612866588131,2.1679,90.4025482570331,-1.25386548889823,-0.00181790085216471,0.177386681035955,-0.00244872123454179,2585.99,-0.013724758448947,0.00216533143960085,-0.00630400092417986,0.0014811447650339
2006-10-01,0.294354558931993,381.566,348.903,0.00769386719334753,0.0449300079048081,0.0485078939925614,-0.000545853734511714,81.9,0.102160706279,110.802485185764,2.1475,91.1215664850876,-0.951587327052465,-0.000921084831379052,-0.0957069198308886,-0.00336657695852249,2594.52,-0.0103053156751685,-0.00116651359658793,0.000309200275714979,-0.00155347500960035
2006-11-01,0.249474710953836,387.099,352.472,0.0114160068645222,0.0411955216261846,0.0396706931012014,-0.000271877531491105,82,0.102250314919713,113.440785192779,2.1571,92.9939074110557,0.350494377047738,6.80015414272345e-05,-0.0758117776703955,-0.00454873886705271,2602.56,0.00387990702950347,-0.000923266231136921,-0.00290326906777005,-0.00746155625243585
2006-12-01,0.323748786542471,389.264,354.142,0.0131314685143973,0.0400543148966219,0.0427732615676324,0.000169105117004409,82.2,0.0997484932072165,115.550687042573,2.1491,94.4086571334054,1.14082717765712,-0.00175689320107533,0.0358644009403122,-0.00649938422114555,2615.05,0.0122576586282577,0.000436848547302304,-0.00152463005772511,-0.00391431549095248
2007-01-01,0.237843109199969,390.252,355.518,0.0120206894698784,0.0390235375775969,0.0395593054025312,0.000479964590152981,82.2,0.100160372760137,110.949546749002,2.1377,93.7159048531634,-0.156302632489528,-0.000976787834513035,-0.05644304983214,-0.00907586664919146,2626.56,-0.00158877334220087,-0.000686476295526539,-0.00965751287851498,-0.0046741563014
2007-02-01,0.339578797627454,390.886,356.507,0.0119193962370217,0.0416990463403002,0.0364536711501831,0.000674688900294762,82.3,0.101006075959813,116.775265705671,2.0955,94.2772230202808,-0.187033217902624,-3.15711152120007e-05,-0.0510737439567208,-0.0119356714257372,2638.12,-0.00193295868960952,-0.000621198499132447,-0.00963012456527679,-0.00626669681652342
2007-03-01,0.34860577251989,392.48,357.869,0.0110113927907474,0.0452295255643405,0.0316152402260614,0.000519189182610069,82.8,0.1003550911165,119.501740282007,2.0879,95.1592897093725,0.118824905683311,-0.000741635659357101,0.357685133248992,-0.0144665288941912,2647.88,0.00126970931305515,0.00432749302512825,-0.0170345777649221,-0.00927960391132362
2007-04-01,0.20625494362854,392.612,358.501,0.0152648715543664,0.0436660589824234,0.0300761285686721,0.000251400174019867,82.4,0.101461419664534,126.339752899399,2.0312,95.9429071912692,0.359013799626211,0.000259405745036037,-0.120786673698802,-0.0166307320146943,2654.5,0.00374587596683984,-0.00146705932619362,-0.0187637949582831,-0.014210653918399
2007-05-01,0.343132709298095,392.59,358.816,0.0213637794731951,0.0443968444593541,0.0290506670170856,0.00012264180211391,82.8,0.102787570731027,126.74981285228,1.9808,96.3761907638001,0.290057307891573,0.00159969504738219,0.197209942570339,-0.0176127909648354,2661.93,0.00299977410333874,0.0023833402300717,-0.0260229958028833,-0.0178265601840801
2007-06-01,0.509077348358976,392.21,359.357,0.0313127939950772,0.0504701367170888,0.0279193900495476,-8.43430527529554e-05,82.5,0.101310236053793,127.192978188255,1.9311,96.7606725118118,0.196120030362678,0.00040293231325654,-0.19595381757577,-0.0173798935260504,2669.38,0.00202110632525443,-0.00237025101578325,-0.0254305700817146,-0.0212325739233184
2007-07-01,0.290674619066795,392.599,360.138,0.0398726901852364,0.0487935759003828,0.0222844287764763,0.000121578947558265,82.6,0.0998519708789488,129.715401506189,1.882,96.3870355060519,-0.670307624917854,-0.000476171820409252,-0.222065790603452,-0.016438647878167,2675.79,-0.00691248278940737,-0.00267670266195541,-0.00263559406526126,-0.0106996945117722
2007-08-01,0.608568333523304,395.859,362.449,0.0480909717503257,0.0519333630750176,0.0238183155856837,8.80214200458806e-05,83.2,0.101551131434635,125.448813204441,1.9652,97.5775720302711,-0.0392068215625869,0.00210396502683084,0.211155038138145,-0.0158722707631344,2688.37,-0.000347245191457901,0.0025568691735387,-0.00562256034983895,-0.0158227780763611
2007-09-01,0.313721439514315,404.009,367.784,0.0491373884553481,0.0523530871101594,0.0211622313504785,-0.000514358044490903,82.7,0.098245791202449,131.784739890582,1.8988,97.0553294226815,-1.19167774653185,1.8830087418889e-05,-0.488066710268512,-0.0174328447880222,2693.21,-0.0121157256015243,-0.00586129111140909,-0.0148124237741133,-0.020121496927914
2007-10-01,0.277151693567904,409.859,371.706,0.0445404909158102,0.0563349070155847,0.0204482745367094,-0.000862128452112809,83.3,0.0965213355877257,139.388357597074,1.8002,99.5568629437227,0.607502258580823,-0.000259835375005332,-0.126666664390385,-0.0186270197546281,2701.29,0.00621838591643886,-0.00149271481607816,-0.0350410262066417,-0.0188383101359515
2007-11-01,0.330190918983544,413.89,374.33,0.0411120210331546,0.0591764973801776,0.0231014400505047,-0.00039941420381534,83.7,0.0941291425275096,147.671281093446,1.7691,99.3182652525286,-0.321348136370219,-0.0010956495045427,0.0234611604130066,-0.0181776158888349,2711.55,-0.00315675672059612,0.000304570728856923,-0.0205638846406827,-0.0130932224952608
2007-12-01,0.596318534737489,422.787,380.273,0.0473338060194086,0.0667835505284444,0.0165060226545626,0.000236230178015329,83.9,0.0940983759481805,147.638237047466,1.7852,100.902120165371,0.624964195840818,0.000444210884626678,-0.000482993882911842,-0.0172986087741764,2731.62,0.00623009292035537,9.64853144491684e-06,-0.00498092486976946,-0.00989667432194139
2008-01-01,0.342463067354638,427.722,384.165,0.0484833442219841,0.0691118479601536,0.015796384461825,0.000101292047157975,84.6,0.0907510642603675,154.447467911667,1.7735,102.075374209868,1.27706685193442,-0.00133590244225157,0.537016679165632,-0.0171500697878788,2746.37,0.0125268872741122,0.00637081743581902,-0.00804768302798124,-0.0215443546173115
2008-02-01,0.375375925025395,431.579,387.221,0.049847736962213,0.0692174601154392,0.0155934686838664,-0.000302737743587467,84.6,0.0932408331065727,161.368559418187,1.7269,100.219626687701,-0.96463020776045,0.00266806660534857,0.471510663403038,-0.0169996424455881,2759.83,-0.00973106117621825,0.00557920374623144,-0.0149700604804233,-0.017766972560553
2008-03-01,0.458671509900367,435.167,389.591,0.0532002095281034,0.0668806049472952,0.0182284781824968,-0.000646321051209819,83.7,0.089870133275218,171.380328644189,1.7068,101.256945794947,-0.250937403210386,0.00080491274389359,-0.400006620178559,-0.0153557473343636,2773.08,-0.00270794940811747,-0.00478743602288834,-0.0164504530354445,-0.010715688952607
2008-04-01,0.491548893316662,436.679,391.325,0.0614997423513177,0.0700770913298396,0.0157942234284001,-0.000246704569074718,84,0.0875760003410197,177.834108555155,1.6881,100.58850107957,-1.18430646959912,-0.000133543087529456,-0.0143936931100797,-0.0114180255108611,2788.33,-0.0119873898541991,-0.000196878604615591,-0.0132303434879838,-0.0106390132579825
2008-05-01,0.821623809149465,445.013,397.258,0.0709019594163327,0.0770298113354815,0.0148831972190469,0.000712529543314133,83.4,0.0834451123451996,189.889058672767,1.6597,99.3100515632086,-2.65458317348217,-0.0032636276182496,-0.479789893725112,-0.00412419436525402,2810.36,-0.0266404244837126,-0.00576099916282669,-0.0177892169693608,-0.0163796387248921
2008-06-01,0.943057764630644,454.868,405.029,0.0777182424001863,0.0816462668665248,0.0176247526292435,0.00122054864573362,83.7,0.0858123883507543,199.570090200076,1.6181,104.287737337706,2.30379716767052,-0.000443838593517432,-0.00330113968763612,0.00761684716773921,2831.16,0.0222356988884087,-5.26478865943147e-05,-0.0198307775281027,-0.0181406152817736
2008-07-01,0.61445004058361,466.401,413.135,0.0739772785517274,0.0862931636069846,0.0259876740278804,0.00082389827989171,83.8,0.0893080436469899,202.79824199016,1.5906,102.543136006083,1.00242724438765,0.00299694038829987,0.342414015854359,0.0239741444938805,2846.16,0.010115095755328,0.00410768198198763,-0.00982381362372686,-0.0115270785558553
2008-08-01,0.439502735409467,467.554,414.722,0.0680077770530776,0.0841316012478022,0.0283446173461626,-2.53740474350783e-05,83,0.0843658887843166,181.099920941178,1.6115,101.165195884015,0.654865265113315,-0.00243471283276711,-0.115065969081144,0.0427473714393358,2854.13,0.00746950862734064,-0.00133071864945045,0.0352890514969299,0.00874991726378455
2008-09-01,0.386316982025639,464.068,412.973,0.0675816817899404,0.0849963986164315,0.0305050051977303,-0.000283072238694837,83.4,0.0871863068428144,165.917674832465,1.7988,102.509225970035,3.66905908311836,-0.000680818525954807,0.727253143277053,0.0587842444459019,2861.55,0.0383110675835052,0.00886284531887593,0.103861045995538,0.0420151342337175
2008-10-01,0.429871870859455,468.613,416.194,0.0744155713313044,0.0812294237179516,0.0324619862170958,-0.000200689911428298,82.8,0.0875927505722419,135.642449629873,2.1721,99.7027560305521,3.17816010890985,-0.00188552277422159,0.680626955585467,0.0648006003284086,2874.43,0.0350460085275506,0.00840002854247235,0.1135433542839,0.0518597703300866
2008-11-01,0.313170249971504,472.402,419.23,0.0785970110361163,0.0773617508986106,0.0316381585799792,-0.000529512352248074,81.6,0.0918967743351099,115.075840161529,2.2655,95.917292650577,2.09586998150023,0.000344010523158481,0.104096644041277,0.0571861244483476,2884.78,0.0250242014627027,0.00143361090743888,0.0952262442945353,0.0652576478957326
2008-12-01,0.153345970874318,471.366,419.338,0.0697332930246308,0.0709596804763155,0.032770921581015,-0.000563837238204856,80.2,0.0914929058434196,102.513675947787,2.3936,84.7614357166856,-6.45519798801979,-0.00238103473916713,-0.692163431956729,0.0412170802303193,2892.86,-0.0709216564471182,-0.00846451693776817,0.0200267124273968,0.0619438792114672
2009-01-01,0.27822345535316,464.315,415.772,0.0662147842366509,0.0676732272893459,0.0384398238451824,8.83147829733311e-05,79.8,0.0991214944423523,105.370487891975,2.3066,85.6697218009825,-3.67697049746509,0.00287164812231505,-0.605452715791159,0.0210866710228038,2906.74,-0.0405215175326177,-0.00748431239078684,0.0067580707181664,0.0601507125010332
2009-02-01,0.4157886209913,466.736,418.021,0.0649357102177721,0.0689387427701318,0.0403071482037449,3.35026106769165e-05,79.7,0.0984365878528787,101.636591584712,2.3119,87.252058358759,-1.13254099799197,0.000119014769781989,-0.38337555230865,0.00197788638106749,2922.73,-0.0123178604762977,-0.00478033715694526,-0.0114177085162397,0.0419042678891478
2009-03-01,0.173867031460017,464.098,416.729,0.0608043571193448,0.0674487843473137,0.0368901942980298,-0.00015375032943532,79.8,0.102086383511155,101.657459125458,2.313,88.3185729060196,0.0792117240467007,0.00216599552162842,-0.130066737141149,-0.0150984375789705,2928.57,0.000922314644495437,-0.00164841300245566,-0.0150005731551054,0.00251306963614573
2009-04-01,0.408342175118541,458.407,413.78,0.0550299866085009,0.067661360028753,0.0406174081766846,0.00045024364558488,80,0.102583838855064,103.867904999277,2.2051,88.8878293753304,0.149158084096072,0.00167373582195596,0.077864060326533,-0.0291086885021632,2942.63,0.0015396755333299,0.000938479749795995,-0.0384383906556506,-0.0158401599687421
2009-05-01,0.493551257954314,458.696,414.47,0.0495138980921497,0.063207911114143,0.0410325757043832,0.00085961335371687,80.2,0.103499951982581,112.432007969204,2.0601,90.5312974540826,0.815387106515473,0.00220591029326797,0.1731455422849,-0.0379010822712758,2956.46,0.00900076136522543,0.00212887568827647,-0.0557449657661771,-0.0335813371412084
2009-06-01,0.571746857351685,456.895,414.33,0.0443280403093047,0.056981681163202,0.0411364504375409,0.000785488971927095,80.2,0.0985934643629119,121.529287127667,1.9568,91.0551446624727,0.0399765798531604,-0.00260623189609012,-0.0170839770846385,-0.0406638378616604,2967.1,0.000595239291391714,-0.000231239014031104,-0.0440723745180196,-0.0295364738365625
2009-07-01,0.366213841066833,453.808,412.883,0.041106088751822,0.0519344148782994,0.0408259723708102,0.000220888642979755,80.5,0.0985934954307342,117.044336999179,1.932,92.7134986452406,0.174422256877989,-0.00231944084565996,0.0218825257711188,-0.038747495638053,2974.22,0.00224261226479339,0.000272455347980483,-0.0368668346540633,-0.0376526126548569
2009-08-01,0.332160862452176,449.085,410.402,0.0359104300595778,0.0545561236184011,0.0388553003752898,-0.000387571770784412,80.7,0.101335377188197,123.644966954095,1.8444,94.2956437828248,0.102506436759313,0.000802864943780623,-0.0940213512259191,-0.034276579609881,2978.68,0.00158293041520352,-0.00114561730968354,-0.0243411954715953,-0.0400430806188862
2009-09-01,0.353279578511443,451.165,411.843,0.0337397935567589,0.0542409230235168,0.0409294848624122,-0.00081849353743102,81.1,0.0995326871969246,120.101717365073,1.819,95.2902254118584,-0.605150579750756,-0.000457959108785572,-0.0504331048176425,-0.0275094186250085,2985.83,-0.00579864607107616,-0.000589372537448618,-0.035350295010949,-0.0397113347644843
2009-10-01,0.25796163283642,451.558,412.274,0.0302467352203517,0.0511976235244445,0.0427986718863069,-0.00106086170880004,81.6,0.0989616192876928,127.557909161011,1.7376,97.5811465324937,0.00996954058373944,-0.000315584424712731,0.0737601975572346,-0.0195748870445701,2994.19,0.000563696313347073,0.00094317205085126,-0.0222317045633574,-0.0295492696087103
2009-11-01,0.356581213732257,451.925,412.558,0.0263551471549071,0.0544472372389693,0.0450887069014294,-0.00136636627360631,81.9,0.099318650442853,132.46017097885,1.7254,100.448718629018,1.34624147195677,0.000969480710897253,0.0032924224730948,-0.0106223863870778,3006.47,0.0137997527702103,7.89069136191145e-05,-0.0129856222367932,-0.0186634088541942
2009-12-01,0.243690653497479,450.812,412.275,0.0262526858244534,0.055287685370673,0.0473812536709817,-0.00102122510466984,82.9,0.0992990832211225,135.091794622481,1.7495,100.668353196039,0.296424118073205,0.00215821153157816,0.65760169258543,-0.00268290772718737,3017.59,0.00307285121489098,0.00799840711866917,0.00784885264207295,-0.013750721184438
2010-01-01,0.534620537604379,451.115,413.098,0.0332312040880596,0.055706824556601,0.0482129211676923,0.000315488133613151,82.3,0.0956817254494741,140.879356264572,1.779,101.335994807788,-0.0228463266942214,2.5482955766612e-05,-0.244110254748406,0.00246933493576565,3040.22,-0.00025467765394005,-0.0029327000144006,0.0215804506928926,-0.000325626935232396
2010-02-01,0.626275013702756,456.323,417.55,0.0368507709125097,0.0575815998961851,0.0496763217357372,0.00111895894325598,82.1,0.0926756793775705,137.553819929202,1.8408,101.877708760338,-0.186095240277041,-0.00137848829176032,-0.729855359464011,0.00424865369003689,3063.93,-0.00195081392786367,-0.00882578985230431,0.00669612746866555,-0.0031447473840638
2010-03-01,0.477249139095518,462.442,422.158,0.040888835628466,0.0652788538136748,0.0467413370134881,0.0016181070553144,83.3,0.0917365471641174,142.134457038029,1.785,103.514230113037,1.02846205512488,-0.000758815171089638,0.189880766250582,0.00309261112408631,3079.86,0.00982266639741258,0.00230019235728562,-0.0043756050579089,0.00173662379208202
2010-04-01,0.485523757371578,464.803,424.824,0.0421318116487213,0.0697329814254388,0.0428880458514644,0.00223933537800103,83.8,0.0887283040597067,150.037752790342,1.7558,103.165272421615,0.554949770806616,-0.0023132665439707,0.457013767382932,0.00158550741132595,3097.42,0.00524370525097595,0.00547750552465764,-0.00518277530939097,0.0081988376917508
2010-05-01,0.457852718306146,471.034,429.553,0.0377913181848928,0.0724001126247651,0.0431999764733546,0.00162732055370129,83.7,0.0916498904882663,141.225643659624,1.8124,103.270056296137,0.773158919056144,0.0019498343792853,0.199826463270981,-0.000120433765349634,3110.74,0.00740690566527569,0.00239054660865889,0.00384330433603182,0.00526971590234869
2010-06-01,0.235479775604554,478.929,435.151,0.0297520170806698,0.070579944701979,0.0420550897387233,1.65965185107142e-05,83.6,0.0884003938360485,138.308452289982,1.8057,101.826762981598,-0.418002453811866,8.83964160603434e-05,0.0137895610349688,-0.0031710261535781,3110.74,-0.00415597004744317,0.000159920169672922,0.00245891901704269,-0.000958343020433109
2010-07-01,0.177406906466219,479.049,435.363,0.0258456003242489,0.0697238231948205,0.0394647171381997,-0.00160113428731545,83.6,0.0884582184368354,138.545068482847,1.7688,101.533603739179,-0.475106598168622,0.00159965352133584,-0.0199731267731522,-0.00642551620012677,3111.05,-0.00468229166892087,-0.000245578835037286,-0.0100067251621094,-0.00759475023575018
2010-08-01,0.239692005791657,482.654,437.365,0.0302704534503342,0.063873106182518,0.0377004499465714,-0.00239966622390564,83.6,0.0868188223669198,142.362782418929,1.7588,100.769168343908,-1.14433602461777,0.00149154681547554,-0.0213278335397007,-0.00878138783356623,3112.29,-0.0112576236207129,-0.000260979421515373,-0.016615237863145,-0.00638596676355659
2010-09-01,0.547801053175267,490.512,442.255,0.0392329101496827,0.0632369452659245,0.0358394747449138,-0.00178913152317417,83.4,0.0818468941354581,145.003114822572,1.7179,101.081652744606,-0.968155950946638,-0.00197360210380355,-0.208706786667349,-0.0101571799773826,3126.29,-0.00943799664940936,-0.00250343215992288,-0.0166339014536118,-0.00708749121828458
2010-10-01,0.720692467016882,497.906,447.351,0.0466944946661145,0.0707731160869169,0.0346016661712292,-0.000674407645904318,83.4,0.0815469670076725,152.693365680988,1.6827,101.344311833808,-1.0818130211816,-0.00100071512596264,-0.199010944005465,-0.0102480146831558,3149.74,-0.0104536234793766,-0.00238571796312392,-0.00889248905675825,-0.00944960710943382
2010-11-01,0.768116462942854,505.315,452.598,0.06037609302984,0.0708795653478858,0.0338803303482014,-0.000328145371860877,83.8,0.0801730590046263,157.826619839809,1.7125,102.916761059763,-0.064682853767593,-0.00140353112884722,0.205843209698926,-0.00970907780077394,3175.88,-0.000399714560597175,0.00245818654379715,-0.00494560213213139,-0.0107804199976382
2010-12-01,0.492104224473278,512.698,458.304,0.068739682421749,0.0727985132997289,0.0313087446095979,-0.000239847610314703,83.6,0.0806172673636919,166.803581894102,1.6926,103.666399464967,0.0893132074642438,-0.000285861660535208,0.0182275326182406,-0.00994618708820379,3195.89,0.00113542652250143,0.000217220537544804,-0.00170797958688729,-0.00917094052024956
2011-01-01,0.609349064214304,514.515,460.569,0.0660858790784289,0.0765253567702489,0.0324338458880573,0.000277364258575497,83.4,0.0815877548671088,172.981435946721,1.6741,103.641156950249,-0.428571303027169,0.00116531627702167,-0.164264994601268,-0.0104077130789565,3222.42,-0.00382872817838908,-0.00196882082220284,-0.00893623952577749,-0.00891436429126787
2011-02-01,0.642715365635706,520.468,465.308,0.0631085795956652,0.0790698326972221,0.0329479037679059,0.000838923441071615,83.7,0.0811741492005886,179.468167965246,1.6672,109.547741470594,5.22528280358341,0.00116501452915821,0.154649930724659,-0.0106671175177617,3248.2,0.04917810517302,0.00184740188443122,-0.00682427567198418,-0.00588493890205779
2011-03-01,0.734654028949314,525.643,469.204,0.0603590696912095,0.0792834464421881,0.0452572168610743,0.00166659878487574,83.5,0.078548927407818,185.473651416459,1.6583,102.573813031842,-1.59378319786981,-0.00107257164521317,-0.0169496927285735,-0.0103396757074713,3273.86,-0.015142585109027,-0.000205911758762944,-0.0181042742820052,-0.00990612693444625
2011-04-01,0.678206071516155,528.204,471.813,0.0602536766815989,0.0755385351082463,0.0572608697409442,0.00203669913435434,83.2,0.0794949857935231,194.87069783582,1.5856,102.217011429997,-1.59560666858283,0.000193527993983672,-0.282089231749666,-0.00857132871255831,3299.07,-0.0152500225008305,-0.00338823165133029,-0.0110785931908593,-0.0100074163583184
2011-05-01,0.501609022496623,529.567,474.416,0.0596201851400642,0.0753245401748774,0.0595791931870027,0.00105391188233417,83.5,0.0789159265654969,187.741334614091,1.6127,104.775153689652,1.42458074408553,-9.80032306838186e-05,0.0574228800583825,-0.00414996104949554,3314.58,0.0138966743050384,0.000685187178315338,-0.0148172541902779,-0.0108207649311311
2011-06-01,0.395130986139337,525.931,473.355,0.0625897943067071,0.0788734660500423,0.0570392510539139,-0.000511990042908472,83.5,0.0787502389634457,185.93717680259,1.5862,102.171473549478,-0.588476488590388,1.25103504457769e-05,0.120031304706259,0.00153328035355308,3319.55,-0.00556235786600734,0.00143899525013857,-0.00476395189143268,-0.0114341130867189
2011-07-01,0.344748496288783,524.827,472.779,0.0643999983855936,0.0817875900579808,0.0567231507994119,-0.00129332099083324,83.2,0.0780882416387898,188.470696853588,1.5631,102.649627673068,0.528108733948685,-0.000356389865866391,-0.0799420730917859,0.00860193564696823,3324.86,0.00531690316572409,-0.000953499053014006,-0.00342799618152049,-0.00725329468618988
2011-08-01,0.571242704863014,526.21,473.729,0.0689714326575255,0.0867633153997127,0.0571458823328845,-0.00100654793569432,83.6,0.078093256475012,184.134851319023,1.5962,101.367509678165,-0.106288822648366,-1.40574535468785e-05,0.463206771434741,0.0158798902883088,3337.16,-0.000909040129067229,0.00557243776388461,0.0325676591231276,0.00887520246642483
2011-09-01,0.616509426735666,530.038,476.717,0.0651567051024429,0.0888224002613596,0.0616829891240129,-0.000647833230700057,83,0.0797549261848396,182.107492051107,1.749,99.4079760539776,-1.48524802242791,0.00208206248385408,0.0609214456694218,0.0205201663071664,3354.85,-0.0147078606521536,0.000760716174324827,0.0417937960875327,0.01851492209805
2011-10-01,0.404870468674888,534.316,479.771,0.0587235804478636,0.0840733731388874,0.0633766010707708,-0.000432300427861132,82.7,0.0782765576000434,175.684282650313,1.7719,99.5684200237317,-0.880179801294986,0.00118919824158491,-0.00861119290767931,0.0200401461009613,3369.28,-0.00868414420616226,-6.93044437980461e-05,0.0381593591022831,0.0173656814603813
2011-11-01,0.466301192853633,536.905,481.86,0.0487129960173518,0.0848276985476324,0.0627406736705494,-7.69217875236095e-05,82.7,0.0744951794993549,178.040256406762,1.7898,100.264501223639,0.16240732808113,-0.00195118529885049,0.228421750177475,0.0170474756206651,3386.8,0.00175016267944805,0.00280522647861403,0.0162180075636659,0.0243928333433967
2011-12-01,0.346994624212835,536.767,482.752,0.0441420825131651,0.0859057346189309,0.061998684371158,0.000402784622562602,82.2,0.0742543733340821,174.761235152745,1.8362,103.355895799557,3.60321542918673,-0.00167645117567959,-0.0535485747668361,0.0136449313204964,3403.73,0.03563160343014,-0.000612269628461171,0.00320146244823183,0.0224976292678823
2012-01-01,0.339237547215364,535.299,483.119,0.0396714950843027,0.086227961839886,0.0570537727240961,0.000810736149515434,80.8,0.0756771467470245,177.618594010884,1.789,97.6085124401567,-1.70248121321426,9.55525659530332e-05,-1.29649096122988,0.0114329986613373,3422.79,-0.0171551476794747,-0.0158842084001583,-0.0136864931388779,0.0122364329817026
2012-02-01,0.298730331245759,534.297,483.307,0.0376957240894435,0.0797178512413173,0.0548443441158339,0.000268805854254262,82.5,0.0744902403990706,183.12773659145,1.7178,99.0247775793666,0.0784102024625781,-0.000828925321993607,0.461470411990675,0.0128700918291743,3438.19,0.000895827519117987,0.00563439102622354,-0.0076201138914563,0.00429894683610478
2012-03-01,0.151323448841682,535.574,484.623,0.0340735688742113,0.0737342589929735,0.0457625570858413,0.000423633302239712,82.4,0.0769299668943624,187.234388031873,1.7947,98.6877998504081,-0.0181026712800048,0.00185907549011875,0.375295229090469,0.0177240832191646,3445.41,-0.000110303741609918,0.00458139486243692,0.0119321772213877,0.00756681983480974
2012-04-01,0.553768026363897,539.645,488.013,0.0335596158081704,0.0769387981662513,0.0372965160471368,0.00113061341277276,81.8,0.0761641142550308,184.229929622973,1.8542,97.9653429404824,-0.676986727209766,0.00145950491037916,-0.2331889106392,0.0219229749200418,3467.46,-0.00682415380780999,-0.00283716581007099,0.0482586676078324,0.0172860872344773
2012-05-01,0.3942995692576,546.172,492.941,0.034898423600668,0.0744741621107465,0.0349237840860148,0.000121442659435256,82.3,0.0734107835551367,173.347651197449,1.9854,98.0562729090216,-0.750806772542248,-0.000810849716057715,0.230900606951238,0.0232664671177699,3479.94,-0.00754967897420311,0.00281435764347737,0.0441062519890678,0.0182430690488058
2012-06-01,0.322381282572426,550.137,496.536,0.0297337443731969,0.0752238948793647,0.0377214354847257,-0.000790314784869017,82,0.0757830280555325,162.08035007342,2.0486,98.0051242108913,-1.19785375889948,0.00205496340479192,-0.120811393469154,0.020321945825467,3482.72,-0.0120398153080243,-0.00146986293850837,0.029898454668338,0.0209153159448628
2012-07-01,0.622791996424693,556.975,501.285,0.0307638901758915,0.0824113637965469,0.0366867147394021,-0.000936226324281364,82.2,0.071302925481012,167.314025591565,2.0282,99.8416483153279,0.0627038774231323,-0.00196886307880173,0.00672199506212223,0.0148948745827866,3497.7,0.000756300199562965,8.37040786150212e-05,0.00722445636446086,0.0277415619861466
2012-08-01,0.615904494769838,569.265,509.247,0.0296362519071758,0.0832732420597471,0.0377230905414012,-0.000997054312828149,82.3,0.0711190058243673,171.974397084423,2.0289,102.192911457115,1.79501449616866,-0.00192922398493624,0.0172215473045725,0.00958150679934929,3512.04,0.0178408647920678,0.00021231763702545,-0.00345104200428877,0.0203276049923895
2012-09-01,0.655894379033706,577.242,514.609,0.0337334912701166,0.0828419597895931,0.0344228382160854,-0.000864400692913381,82.3,0.0734369393920154,173.707159468872,2.0275,101.033577262257,0.106321912452842,0.000325484191003464,-0.08607457951382,0.00519015475585851,3532.06,0.00114037302840497,-0.00104016505381033,0.000180735268342391,0.0150395949683402
2012-10-01,0.568672001644397,579.535,516.779,0.0400147685853356,0.0827341499568781,0.0322604970253089,-0.00095974997773296,82.4,0.0744648458814074,172.096868282293,2.0293,101.909926882212,0.546611224411535,0.00108782639486002,-0.101164679631253,0.00186598469935257,3552.9,0.00543012146177091,-0.00121943920773049,0.00623375344642626,0.00672910490544356
2012-11-01,0.556596956166022,576.261,515.347,0.0410488888683076,0.0816586218452691,0.0350400954515266,-0.000628861433542904,82.5,0.0723630112167731,169.751161329954,2.0672,101.399037462163,-0.310970045959536,-0.00142083491425569,-0.119867170521388,-0.000668032428445223,3574.22,-0.00303667421350706,-0.0014424564406168,0.00807244199353196,0.0023106999946216
2012-12-01,0.614606202234146,580.054,518.573,0.0446740715476814,0.0845579351372197,0.0364864035996775,0.000511832266241741,82.7,0.073974546679954,170.538214029272,2.0772,101.713910029858,-0.296595414307504,-0.000374414340793133,-0.026737172450197,-0.00275918497840073,3602.46,-0.00290019206691827,-0.000312889461770993,0.000197054047809786,0.000188894658076089
2013-01-01,0.633605041067677,582.041,520.751,0.0554342144846225,0.0869173017517773,0.0293681034256579,0.00124186380204105,83.5,0.0772247468713057,174.694947687371,2.0305,102.812896809385,0.527239444841385,0.00223736818646776,0.70227626995586,-0.00337826207051487,3633.44,0.00514902647451532,0.00845649653576963,-0.0155972906128199,-0.00468176858319682
2013-02-01,0.442773510544948,582.356,522.26,0.0643185189256192,0.0913221262424189,0.0153023314159515,0.001080187849958,82.7,0.0751697203628111,176.177797665212,1.9727,101.412597978036,-1.12241859717263,-0.000417511549418229,-0.106856245316251,-0.000951475521106294,3655.24,-0.0109978419339676,-0.00128164885523319,-0.0155876820913329,-0.00375762004890046
2013-03-01,0.391368865964436,582.996,523.431,0.0690052698095993,0.0934941276878212,0.0161131138726622,0.00121922326981616,82.4,0.0745327074592948,171.586812298877,1.9823,102.659341089962,-0.136649381161376,-0.00166458184102732,-0.378585287916522,0.00470494129414158,3672.42,-0.00132033446886304,-0.00457512001671478,-0.00477840247123529,-0.00229067421171275
2013-04-01,0.47424556519551,582.632,524.361,0.0657094803154084,0.0943618080113182,0.0155062980387581,0.00150949123445565,83.2,0.0754752270053424,168.320881143811,2.0016,104.103843774968,1.07844335727309,-0.00136111646060384,0.470310505743626,0.0117696557492187,3692.62,0.0104207750330332,0.00567659386285158,0.010249538869361,-0.00267387587172944
2013-05-01,0.401587384976613,580.342,523.844,0.0630581978984626,0.097090345480181,0.0154050713344078,0.00124751608430451,82.5,0.0775348012969122,167.166782087759,2.0343,102.428670173543,-0.741586622635069,0.000131125870108342,-0.149766300009574,0.0184320819490267,3706.28,-0.00721109365706951,-0.00180777030393386,0.0305249201548417,0.0074686190317544
2013-06-01,0.492640837322798,582.845,527.188,0.0675369263879535,0.0963253656596452,0.0177370050978325,7.85566982560715e-05,82.4,0.0812220072071695,164.701242429588,2.1724,104.193569594807,0.938570857596275,0.00352116477166263,-0.162179915929769,0.0227322549509091,3715.92,0.00904925595109773,-0.00196283182306001,0.0392314046257416,0.0172265010772532
2013-07-01,0.234243125585063,585.725,529.467,0.068070374782111,0.0879589580128868,0.0130642930273162,-0.00120235358072651,82.5,0.0783800013658109,166.667512153814,2.2516,102.345485739441,-0.905336108013699,0.000841185207242565,0.0204581837836173,0.0225503066813498,3717.03,-0.00880222550460985,0.000248933397227091,0.0468942256732567,0.0285718822713088
2013-08-01,0.462831118103654,586.851,530.252,0.0675386790559154,0.0841719303121955,0.012659593419595,-0.00173021133146645,82.3,0.0748553759036702,169.311802383177,2.3416,102.938776685926,-0.257531403378721,-0.00212600061510415,-0.10281948099086,0.0188499335540681,3725.95,-0.00247693630333234,-0.00124929528924689,0.014634410160322,0.0225796651575818
2013-09-01,0.447431648816791,595.407,535.843,0.0642594778023746,0.0820128704091545,0.0112461104377533,-0.00165046762522347,82.1,0.0778087179398394,168.680311308511,2.2699,104.186767384045,1.12172816695977,0.0016560201203084,-0.234449221884717,0.013546729404772,3738.99,0.0108834084548066,-0.00285231969342803,-0.00953582908442193,0.0148477877706598
2013-10-01,0.55794774372813,604.193,541.77,0.0638379889002747,0.082443822463484,0.010136513708096,-0.00148127357537831,82.5,0.0763432239143979,166.009943319486,2.1881,102.516123369743,-0.295983692512451,0.00131890952675022,0.230514756070392,0.0100168819374091,3760.3,-0.00276544048964755,0.00279989089807486,-0.00674411346058201,0.0200750561063373
2013-11-01,0.51135610199829,606.59,544.135,0.0620415007894863,0.0828743460082646,0.00953368706375013,-0.000615703289401637,82.2,0.0717851894345403,164.298087443891,2.2947,103.457390179709,0.984250264537749,-0.00190146801063037,0.0138509446385626,0.00843118276838664,3780.61,0.00975769949827132,0.00017624459728971,0.0108356598020682,0.0127350349811951
2013-12-01,0.733039620558209,608.888,546.506,0.0601461263086009,0.0842681446714433,0.0153697235283869,-2.56645636417252e-05,81.8,0.0724252885329542,167.885816346645,2.3449,99.2564052420698,-2.80611015110522,0.000100436875228413,-0.279212379275805,0.00560614504257806,3815.39,-0.0275859212017524,-0.00339053635234965,0.028246314454987,0.00935524268528254
2014-01-01,0.322405164194259,612.228,549.664,0.056368509704908,0.0756025581180753,0.0214753743012577,-0.000325352541093338,82.3,0.0713660471545221,166.688448334506,2.3816,100.908646116337,-0.756630986866426,0.000378544724481053,0.355558608149039,0.00116821691541632,3836.37,-0.00708201319308976,0.00435840521668851,0.0126000150444628,0.00292795079194038
2014-02-01,0.523123522258169,612.63,551.329,0.0524844160092821,0.0718965048069773,0.0370727836975051,0.000752898761011145,82.7,0.071772511930741,170.991846037539,2.3831,106.669303198645,5.50430419079233,0.00204208572069377,0.942444277633896,-0.0041049284400339,3862.84,0.0534547182285632,0.0115010740715284,-0.00276922912790308,0.00403321533708256
2014-03-01,0.814290169030587,622.729,558.458,0.0570987358881589,0.0809451891756925,0.0341765102142086,0.00211120889979188,81,0.0667946983524842,169.83014901628,2.3255,98.6524099464457,-1.73852146254281,-0.00184191938160479,-0.519802959613216,-0.00840450446868374,3898.38,-0.0169852973717797,-0.00635372415708879,-0.0215949614933173,0.00332567648083483
2014-04-01,0.604580976634662,631.556,565.095,0.0616333773130577,0.0779455394931434,0.0378843435343668,0.00238109454528435,81.2,0.0659260521391939,170.99844055245,2.2322,99.9108733709948,0.343357502038245,-0.00200963475756341,-0.100095147163785,-0.00958179858266688,3924.5,0.00386291524602633,-0.00119387027276563,-0.0235866130859294,-0.00549329902073329
2014-05-01,0.481518689230321,630.191,565.857,0.0667170167894175,0.0741922472247136,0.040781438701246,0.00223066514307302,80.9,0.0667557073996711,168.760389317498,2.2203,98.321717184267,-0.472656540728153,-0.000969292331279986,-0.230024155195792,-0.00664134005388315,3942.55,-0.00448745297544395,-0.00281060521590781,-0.0132461951155916,-0.00800771212174732
2014-06-01,0.620549556225723,621.279,562.046,0.0693808790828685,0.0763337788180642,0.0394335448276542,0.000863123574271651,80.2,0.0667571252308632,169.074608770665,2.2349,95.1744551255276,-3.02132314832205,-0.00120051175478685,-0.833995345655779,-0.000839608699561131,3958.32,-0.0310747878164861,-0.0103267689375039,-0.00122675661704719,-0.0114108590551823
2014-07-01,0.208182481162625,614.909,558.873,0.0710900084471005,0.0704216288295498,0.046312379075987,-0.0009704865430048,81.4,0.0690859955737638,165.680713802331,2.224,97.2014870481877,-0.660580551264275,0.000568908222234488,0.380100910811379,0.00665996540411549,3958.72,-0.00671743486105036,0.00468891489413981,0.00699715957065594,-0.00829472675763671
2014-08-01,0.485979567991179,609.295,555.785,0.0681026072879687,0.0707421143471636,0.0507029395636671,-0.00111322686589421,80.9,0.0712993873634415,160.137018437262,2.2674,98.0356198409074,0.368961297516677,0.00209874071018747,-0.135747584655874,0.0152248010652855,3968.62,0.00375243378385193,-0.00167707656275162,0.014219473606307,0.000486639245357727
2014-09-01,0.680312445086682,611.437,557.503,0.0686334206302255,0.074587940558527,0.0532205983645391,-0.0012353386385856,81.4,0.0702399835966828,155.058246076718,2.3323,98.4448799176972,1.00933952016636,0.000393527108567299,0.343156951515354,0.0233931309321733,3991.24,0.010272893800062,0.00421646428338374,0.0319335254059708,0.0153533843944618
2014-10-01,0.418479311012413,610.473,557.642,0.0624942825164623,0.0746948966589114,0.0557447939268265,-0.00237068684746,81.1,0.069583531634712,146.42700202046,2.4476,98.4814699701375,1.46027728708516,-0.000859809622173746,0.051258540974132,0.0299976709456381,4008,0.0149466482467355,0.000618390016447812,0.0388523969244248,0.0229247782475404
2014-11-01,0.498866732379929,616.945,562.188,0.0601684243855802,0.0744812608579655,0.0582664773518109,-0.00313486847519884,81,0.0744989693515722,139.595733455403,2.5477,97.8482527483768,1.49969051013831,0.00349059001604128,-0.00163635525778716,0.0342177699568152,4028.44,0.015526312871156,-3.62503062119046e-05,0.0411438221603354,0.0276816478833212
2014-12-01,0.592483941943612,624.162,567.72,0.0595366196034675,0.0742687657999492,0.0532326064854063,-0.00211955372001271,80.7,0.071339722432129,126.234914848171,2.6387,93.8798078196509,-1.56763127383638,-0.000157195114438111,-0.209401473821373,0.0365434538801073,4059.86,-0.0164104994698047,-0.00260435068804377,0.0244145929647884,0.0281740591853796
2015-01-01,1.00675894256665,625.487,570.125,0.0557476737103788,0.0829236066622723,0.0754766105275368,-4.70843653063158e-05,81.2,0.0705948733935818,114.224764864217,2.6336,94.2087566452795,-0.246529568131663,-0.00152004240651289,0.434206933664029,0.0378858559841539,4110.2,-0.00241888841151283,0.00535910014407381,0.0333518072238848,0.0361021020741548
2015-02-01,1.04473751826901,625.683,572.596,0.0592226062091263,0.0817468646220387,0.096579089837689,0.00222099692951416,80.1,0.0721550006324103,117.588753372027,2.8158,93.8371262982274,0.440110597185452,-0.000902047272370615,-0.449533035024999,0.0390521425293855,4160.34,0.00492130931005885,-0.00558124307929386,0.0578620161459356,0.0495029191531355
2015-03-01,1.20856367443837,630.401,577.34,0.0568057292306727,0.0739698781026956,0.133650877431722,0.00289835224187307,80.7,0.0733465150625658,113.572285646043,3.1389,92.9193218240265,0.639482191248405,-0.00106233847209541,0.429482062659076,0.037990496786083,4215.26,0.00712856624176439,0.00537600384671411,0.0481202271820926,0.0362674100734405
2015-04-01,0.658001400882454,639.559,584.654,0.0563858203286243,0.0752507008553527,0.133763376278346,0.00192658697547077,80.5,0.0759458913086206,114.842883210707,3.0426,90.2286529465166,-0.913915657700841,-0.000245216974855342,0.593630689062991,0.0346481063868249,4245.19,-0.00988511441304052,0.00746853472325792,0.0278426384819204,0.0305972228529026
2015-05-01,0.746280629319335,642.933,587.702,0.0571200042784159,0.0779342655475137,0.140864190743554,0.00183090482239212,79.3,0.077644292611009,118.693472997326,3.0611,89.8052048098617,-0.264721156724164,-0.00070402266330602,-0.165544118219984,0.0340435604273062,4276.6,-0.00280428122404786,-0.00199926289019192,-0.0029653528896462,0.0274483316281447
2015-06-01,1.00176883955103,645.114,591.034,0.060490653953277,0.0797572741541897,0.150764957286666,0.00176417358597314,79.1,0.0809581435830186,116.502403296507,3.1111,88.9405004667032,-0.14051841238242,0.0001507717394265,0.100879912519332,0.036470638038512,4310.39,-0.00149152235019212,0.00136580162633404,0.0191483475947714,0.033634287388432
2015-07-01,0.786610645129206,649.636,595.475,0.0629232145437757,0.0886486274862488,0.159706053677577,-0.000246384557098911,78.6,0.0838559999124765,109.743694975107,3.2225,87.4148285008707,-0.761119876117803,0.000411371137793839,0.0537105859252023,0.0402141266301321,4337.11,-0.00861254105840636,0.00075926927352743,0.0459650949446178,0.0369038667132691
2015-08-01,0.456395543543336,651.148,597.481,0.0662146559233434,0.0860418663309392,0.157513792706542,-0.00266217968309812,77.4,0.0865216781175908,102.520241451272,3.5137,88.3463921466489,1.00166541917851,0.000374416342772077,-0.75348714520706,0.0421035932369501,4346.65,0.0114606595565618,-0.00963947773478235,0.0758287554875032,0.0364317012989285
2015-09-01,0.662089324023823,656.475,601.126,0.0640962083653791,0.0837745555452796,0.16350888406319,-0.00314916932487641,77.5,0.0894287312839663,102.36254837676,3.9058,86.5173515176116,-0.00536873161719598,0.000596749613882494,-0.371004574651636,0.0386072494396575,4370.12,2.00402055225979e-05,-0.00475793013204484,0.0618496078402206,0.040498977717496
2015-10-01,0.815181339606738,673.696,612.453,0.0705626228613236,0.0822645193412954,0.175215837369663,-0.00231005192569189,77.8,0.0914959532854561,102.317376866191,3.8795,86.7097336490039,0.992522046600882,5.35721149515361e-05,0.104964946872144,0.029381698280755,4405.95,0.0116209724595615,0.00134495106567467,0.023980889150967,0.0349729920477924
2015-11-01,1.00465671001229,688.181,622.479,0.0797437542500428,0.0850619025307648,0.179533052022431,-0.00131643988061714,77.4,0.0948184793500991,96.2261494358763,3.7758,85.3090239829533,0.373925993408633,0.00085358166938046,-0.195135001342067,0.018907263708462,4450.45,0.00450646563613866,-0.00253494007709509,-0.00302631006797135,0.0364012227097659
2015-12-01,0.767839178830321,693.688,627.53,0.0828557169685131,0.0866716274380896,0.180707534798516,0.000588652683061075,77.7,0.0973256068544819,90.7535910628681,3.8705,82.6883912723621,-1.56614521766963,0.000935791944317296,0.151603015879644,0.0090696746469335,4493.17,-0.0186742804692157,0.00193348461764931,0.0144767555937728,0.0381631817169967
2016-01-01,1.04939855660727,698.069,631.847,0.0894407233223242,0.085921089560234,0.172068211373162,0.00249564482144105,77.5,0.0975393055778895,85.3222816113211,4.0517,83.9644486180253,0.183917756340463,-0.00122939539694904,-0.017903503532267,-0.001548082014738,4550.23,0.00224282730174252,-0.000246884102204525,0.016978121877901,0.020479505514434
2016-02-01,0.739870669484203,709.888,641.613,0.0945310617253612,0.0853841428189561,0.149398532184738,0.00150766128351454,77.9,0.10007673260334,87.3708316514425,3.9731,82.0209491320382,-1.48469156273838,-0.00114357822613274,0.422378331532073,-0.0132356850158045,4591.18,-0.0179160778367855,0.00542808704409481,-0.0147197945399335,-0.00887305230395241
2016-03-01,0.33905416687564,713.894,645.325,0.0980137100275598,0.0821541533055583,0.10803086055425,-4.8636977897587e-05,77.5,0.104403217281174,93.6085981249725,3.7033,83.7976439910045,0.362013710624794,0.000628084470589624,0.0997668259027904,-0.0228867590817115,4610.92,0.00434446323022009,0.00128775092791322,-0.0426387976195868,-0.014081021012907
2016-04-01,0.566995363262388,716.412,647.932,0.096377000731086,0.0814022097803306,0.107041350954629,0.000487071848969345,77.43,0.106312682219944,96.7585413314274,3.5652,83.8777319122707,0.408064060945534,-6.88678121830155e-05,0.141254884604493,-0.02785114102785,4639.05,0.00490028010186272,0.00183352746310028,-0.0385957394504316,-0.0108088087862653
2016-05-01,0.769762508587588,720.975,651.796,0.0955067739222915,0.0819406494386556,0.109010007773161,0.000617711249978226,76.84,0.108652921459278,100.582061462381,3.5387,82.7077411968283,-0.825171858634448,-0.000380118584878714,-0.313327523163792,-0.0288843886017164,4675.23,-0.00988811095862197,-0.00405574847919787,-0.0261480205991012,-0.0204339075695173
2016-06-01,0.565477328225911,734.586,661.042,0.0942010447519426,0.0771052805614343,0.0993588130852616,0.000321664375194208,77.5,0.111193777930388,103.209159081305,3.4239,85.381638551829,1.80181532977025,-0.000524357979888798,0.485707927374648,-0.027471013571128,4691.59,0.0213823589223301,0.00630372321227757,-0.0283007613957367,-0.0354697795076617
2016-07-01,0.649163637485411,743.598,668.022,0.09888270096332,0.0786072201956838,0.0855584207494082,0.00100905523840877,76.46,0.115068235274485,102.828188816606,3.275,84.1913247896448,0.685713783182749,0.000670155866901001,-0.409454534974614,-0.0235573778769425,4715.99,0.00823573719584214,-0.00532433071362171,-0.0325896346877188,-0.0355926870690752
2016-08-01,0.657827996013961,739.346,666.217,0.100195844999523,0.0836771811266963,0.08490916332073,0.000359471018828494,76.8,0.117772151819962,103.305821882103,3.2091,82.8331608032326,-0.501692781106399,0.000775686715922222,0.0484970583789845,-0.0174853117162955,4736.74,-0.00598439181707278,0.000645525561652427,-0.0167807436844182,-0.0214643821417597
2016-09-01,0.202245172691276,742.257,668.621,0.0947200544112319,0.0796827543781717,0.0789965588832899,-0.000682685117294746,76.81,0.11876694619852,103.356382500998,3.2558,83.5880540169429,0.446693850998813,-0.000718056395541081,0.146272188986146,-0.011097557136598,4740.53,0.00540119951776052,0.00191723907166708,-0.00926759589535416,-0.0187841786455454
2016-10-01,0.251872905326898,743.138,669.418,0.0848557584461442,0.0787143325335034,0.0699508238497486,-0.00110155084861518,76.22,0.120760354430101,106.569699326977,3.1852,82.4891724712219,-0.473747569232359,-0.00113073884248521,-0.392901593735118,-0.00644090500088215,4752.86,-0.00569964386967037,-0.00513219018876754,0.0134664522811611,-0.00956159120327886
2016-11-01,0.193191606889391,742.712,669.82,0.0739149548707529,0.0718687482715157,0.0607426210923123,-0.00127571319114073,76.27,0.122940307922424,105.445641197298,3.3414,82.2199161267025,-0.64947754590149,-0.0012502764824496,-0.346298611036545,-0.00372809378879079,4761.42,-0.00785579120162172,-0.0045211116863797,0.00967655287187482,-0.0035520954062717
2016-12-01,0.105864908754866,744.339,671.15,0.0676359951702896,0.0635063513612404,0.055044809340697,-0.000562269021443851,76.99,0.127767862307898,111.642793013169,3.3517,82.5096850290318,-0.386942952960183,0.00148972244800874,0.327015881079944,-0.0042834220666681,4775.7,-0.00467319603355154,0.00426609116018284,0.00112831550095856,-0.0040696401971978
2017-01-01,0.194815150990137,752.411,677.037,0.0604422528326383,0.0526906765794271,0.0451942681232655,0.000364131784655997,77.3,0.128385397687432,115.91232862639,3.196,83.4762495776806,0.442410079267944,0.000426739993535208,0.582839748244865,-0.00572626735856545,4793.85,0.00532345643980658,0.00757873386508212,-0.024609050934628,-0.00557129932673343
2017-02-01,0.18889821146787,752.169,677.983,0.0480602831280812,0.0474829459146429,0.0471724224308996,0.000901562145645407,76.45,0.12990006691842,116.369677522492,3.1036,84.1763512635053,0.933887765935026,0.000756073695707016,-0.316507827821354,-0.00514749529713505,4809.67,0.0111812795021704,-0.00412059913973195,-0.0230992224449031,-0.00671133478651416
2017-03-01,0.166315224500889,751.246,678.33,0.0377760162998844,0.0464407780249654,0.0560004516846324,0.000847419554922069,76.94,0.130579959310203,110.868620380905,3.1273,82.8752143760764,-0.640484493677619,0.000803318995000468,0.099446323410632,-0.00264204776618216,4821.69,-0.0076470874710779,0.00130595236801145,-0.00635982819053275,-0.00261575634478709
2017-04-01,0.0976617548674528,741.54,673.156,0.0329217694083546,0.0466486732823463,0.0424713963397807,0.00127677618571487,76.33,0.131507574460026,110.97639080643,3.1356,82.5931337492938,-1.32066088083867,0.00165419797077029,-0.61610038789965,-4.16164778498651e-05,4828.44,-0.0157782076714179,-0.0080241340011904,0.0111010475507507,-0.00675400169193863
2017-05-01,0.296409422683385,728.619,665.725,0.0258448552896793,0.0398772824429559,0.0441163216200009,0.000256663808792745,77.3,0.129546471139682,108.838276312397,3.2087,84.8021420153523,0.351126939182762,0.000117816168020007,0.20290952362538,0.00155797579963486,4843.41,0.00425728666086833,0.00264423859156881,0.0173918185372564,-0.0028537019538234
2017-06-01,-0.0063772564883765,720.076,661.572,0.0176837983661335,0.0388398948906385,0.0329710256889018,-0.00106639089402483,77.31,0.128326417336275,105.644050261,3.2948,85.0255105148063,-0.0212948053770816,-0.000349277723722174,0.0467675610405394,0.00125419378047072,4832.27,-0.000141105307911893,0.000619382785944644,0.00734918037091492,0.000494676090191085
2017-07-01,0.345661627919744,710.605,656.046,0.00437415193946844,0.0349135057911913,0.0472402951128323,-0.000736368640067542,77.47,0.12726934064048,108.48214300067,3.2055,86.3112004923254,0.665380237836644,-0.000506834231641995,0.0411969790580002,-0.000312775389355896,4843.87,0.00782913631208526,0.000542722389504036,-0.00612272809732965,0.00248915972671052
2017-08-01,0.399387099049581,707.620459,654.9307218,-0.00441686908407191,0.0271871955249818,0.062594805723404,-0.00102270631608614,77.66,0.126025026886509,111.37236548452,3.1503,85.9350469645889,-0.256138908573504,-0.000861668627088419,0.0785632725793448,-0.000691642069335481,4853.07,-0.00291374231542818,0.00101858068601235,-0.0166571699926594,0.000367324272298501
2017-09-01,0.270613001613465,711.454,657.528,-0.00401847647466169,0.0296521982939655,0.061218524715692,-0.00061920942571847,77.63,0.125028613430679,114.568117364868,3.1342,86.7322092567252,0.0584089347288739,-0.0010988555986875,-0.0817258735126387,0.000618552257829647,4860.83,0.000716455985460662,-0.00104974142497483,-0.00155303252013828,0.00289807392538832
2017-10-01,0.401125147260614,716.2207418,660.7498872,-0.00451606916227443,0.0311928250245792,0.0658628070995677,3.04909496109396e-05,77.84,0.124933667432002,116.086469167286,3.1906,86.5255011869023,-0.540670613643783,-0.000623175008372626,0.0240966364746953,0.00292128530719951,4881.25,-0.00618266857609662,0.000309762938797142,0.0112768854811539,0.00257707869191215
2017-11-01,0.30461126476647,717.71,662.375,-0.00700179611702312,0.0288260517508976,0.0775615607196989,0.000564420007558519,78.08,0.12504710386315,120.849389666473,3.2587,87.0957150060503,-0.249287075153603,-0.000107164622037581,0.195665551955045,0.00510775759958062,4894.92,-0.00276969008924155,0.00250982923204202,0.0163028884674798,-0.000177140762589789
2017-12-01,0.229180632985861,726.485,668.323,-0.00531908384967716,0.0295428609837289,0.0799324332405342,0.00101081475188847,77.83,0.125436246169001,122.578065105907,3.2913,89.8349945840553,2.38682005123792,0.00058178821920396,-0.0791144383179159,0.00713992826146692,4916.46,0.0271101272292746,-0.00101070461730135,0.00202065008572146,0.000233808782791593
2018-01-01,0.136599230917812,734.22,673.597,-0.00760137246414838,0.0329318798777407,0.0735042639950547,0.000826063509202557,77.99,0.124390848678724,129.840205646033,3.21,87.7412829614205,0.44560844391647,-0.000193578867779626,0.0936131998326744,0.010129337459514,4930.72,0.00541922345335433,0.00121542268011687,-0.00182575794415674,0.0047255637684986
2018-02-01,0.194627672245268,734.883,675.15,-0.00839624521347637,0.033342710892905,0.0731840698419446,-0.000392953953756714,77.83,0.123905149571199,126.82234293578,3.2409,86.4381153578501,-0.540738009123814,-0.000407814931211573,-0.0166148383064666,0.0153895867720353,4946.5,-0.00571172324677516,-0.000186019371830604,-0.00128870716639969,0.00750709065054004
2018-03-01,0.00144260140467828,739.539,678.196,-0.00869402411881748,0.0309757272906208,0.0705139263560721,-0.00230848805894834,78.23,0.12589206003054,126.364721476102,3.2786,86.7138437816328,0.0927881218605933,0.00189710232331239,0.463017017199803,0.0217112657817538,4950.95,0.00182193174818135,0.00597861539433442,0.0198439499235535,0.0109323000046375
2018-04-01,0.170405804732709,744.714,681.977,-0.00889226548985644,0.0256513914261747,0.0834376357285802,-0.00317082169605154,78.11,0.123056509871542,128.366239333189,3.4069,88.2192700326193,1.91246730049753,-0.000499506384416037,0.446517228006471,0.0274678639753501,4961.84,0.0228830476842177,0.00578786899979722,0.0382985280330209,0.0182363850444321
2018-05-01,0.388575022002132,756.226,689.554,-0.00889226548985678,0.0286311440159714,0.0814107240429907,0.000374944140762778,75.87,0.123530958376597,133.050513850255,3.6355,78.1160654568412,-8.01121235082269,0.000473003314341136,-1.70534887039379,0.0303044328197037,4981.69,-0.0965433892980743,-0.0221679673066824,0.0467826389730895,0.0227469659033449
2018-06-01,1.48015598376545,775.145,702.369,0.0073016559942205,0.0310964073928826,0.1176140476673,0.00374943068884548,77.63,0.122422178875638,131.967667620008,3.7726,88.6944408660354,2.38346778161618,-0.000104547219279216,0.056125562894394,0.0286499311347462,5044.46,0.0282260021940361,0.000777076360111373,0.0388552698796336,0.0293496099015936
2018-07-01,0.422334361725575,782.803,708.914,0.0157961183075939,0.0281110044561421,0.113310439071424,0.00144002838129464,77.87,0.122396071755549,130.274712511537,3.8281,88.9669732698527,2.45577167781026,0.000373830322772092,0.262085908914074,0.02342031716187,5061.11,0.0287687661721439,0.00341446955598013,0.025896396570201,0.0320974623016109
2018-08-01,0.121890350501939,787.839,712.494,0.0193635339348031,0.0279047842165561,0.0956909580244862,0.00021257328358415,78.34,0.121123759149739,127.977182808237,3.9292,87.9598047755829,1.40740312793221,-0.000473147852302805,0.709647914593404,0.0161323326425662,5056.56,0.0166807473243251,0.00913153487414942,0.0290310344382395,0.0379068367056645
2018-09-01,0.585434446585166,801.724,721.077,0.0214022610026727,0.0294427963625159,0.103561044714207,0.00177155457185663,77.5,0.120065652002457,132.425844075925,4.1159,86.2191940297713,-0.216134012237418,-0.00126431653606192,-0.112889594789692,0.00766974897792255,5080.83,-0.00213650981205049,-0.00143476435503942,-0.0061783055914002,0.0163384821441167
2018-10-01,0.433634795814057,817.144,731.423,0.025588754324787,0.0294427963625159,0.0987524998570648,0.000417207446181012,77.6,0.119918844565268,133.426029349899,3.7578,85.6977290701167,-0.564053494050327,-0.00134785672534982,0.021821778133102,-0.000370367725240434,5103.69,-0.0063080084039715,0.000293443732254595,-0.0123752633438154,0.00676056661319276
2018-11-01,-0.174108398729813,814.091,730.269,0.020659520299795,0.036238477954827,0.0735935401287942,-0.00229975038393948,77.4,0.121034934703284,121.852794668042,3.786,85.5758214231698,-0.542227856100027,-0.000326671960265562,-0.140764461028411,-0.00360868793336876,5092.97,-0.00610552270169595,-0.00181081092117097,-0.0192963301687146,0.00486735213476245
2018-12-01,-0.0825254945500691,799.226,721.279,0.0170030626691065,0.039330496488609,0.0618087592272711,-0.00283538214985402,77.4,0.123153889969228,115.962828371247,3.8844,85.4854111821475,-0.564503851489206,0.00168147566563434,-0.11676153984412,-0.00417450876366183,5100.61,-0.00634671297270284,-0.00150476253611487,-0.00148466464930067,-0.00383148512035044
2019-01-01,0.191819438183945,794.518,719.415,0.0181216541788916,0.0400538324873583,0.0602192251565712,-0.00241385633583469,77.6,0.122380045866835,117.078243931293,3.7411,85.3383184284476,-0.725918036617088,0.000946646001311988,0.0878237477099901,-0.00340125576539708,5116.93,-0.00816602297315505,0.00113358102449013,-0.00559341929885041,-0.00898434132133293
2019-02-01,0.313252944092191,797.734,722.292,0.0203660105307892,0.042534827615049,0.0574777333759575,-0.000215637198845986,77.5,0.121933653369853,119.011525008153,3.723,89.7048418863896,3.57750122807288,0.000734089844579636,-0.0246322909531784,-0.000480442338713762,5138.93,0.0410778158624527,-0.00031653502984863,-0.00332029531651619,-0.0113083127426154
2019-03-01,0.644280622255028,813.122,732.383,0.0269048534940382,0.0504438560537337,0.062963999178167,0.00273899402125177,77.2,0.120491553824265,119.910036313747,3.8459,81.7405918872609,-4.41284424078114,-0.000302317759482307,-0.358058809811467,0.00294185957929637,5177.47,-0.0521746050921328,-0.00462532000388283,0.013489341758508,0.00600233855460367
2019-04-01,0.507579860143451,822.801,739.691,0.0307047814447619,0.053380107223695,0.0675074834688894,0.00322207664447749,77.8,0.120514072827977,123.416730613218,3.8956,87.6309690163235,1.31738459557268,0.000222077206601209,0.185383556078691,0.00490586575657793,5206.98,0.0154995541014369,0.00238803604650606,0.0239965136402023,0.00920154717067593
2019-05-01,0.128671409631131,829.683,744.869,0.0319413798628116,0.046645882185006,0.065296014873363,0.001588190226542,78,0.119552101269542,120.477540814855,4.0009,87.5825044006275,1.12048527945963,-0.000195800510486593,0.3292416375767,0.00557238072836432,5213.75,0.0131414091623148,0.00423195198921267,0.00106436922771288,-0.00112796304440166
2019-06-01,0.23385993859938,835.679,748.534,0.0189136161166394,0.0433092943956137,0.0374397038199861,0.00060339020214939,77.6,0.118499131808975,115.528942429291,3.8582,86.3544817456727,-0.193076026792184,-0.000732368818663842,-0.11624767494456,0.00567185892863314,5214.27,-0.00205641518819011,-0.00149579080872897,-0.0101558919899236,0.0016667248842922
2019-07-01,0.280035300034511,841.719,753.087,0.0126246520350837,0.0483236977330512,0.0324010929083818,0.000220487872754527,77.8,0.117490917629354,117.967954420674,3.7787,86.2896631669317,-0.309801974470929,-0.00130772725862241,0.0355140228510749,0.00744961235260529,5224.18,-0.00347740704121957,0.000457163395810589,0.00153776731631772,0.01276714047826
2019-08-01,0.323162729040061,834.693,749.552,0.0134346707548394,0.0495855980613487,0.0373506786514499,-0.00138826373496992,77.7,0.118125678404514,112.71228204303,4.0194,86.3602306525899,-0.272913107117063,-0.000326927164870094,-0.120528657151297,0.0101361749531412,5229.93,-0.00309571718506074,-0.00154921650855666,0.0219569442119133,0.0115106567198131
2019-09-01,0.0764904768234206,829.963,747.406,0.0128278236466031,0.0423723105846316,0.0287197894867588,-0.00348730766917904,77.9,0.118953132389517,114.809066266979,4.1209,87.0828850751806,0.441131697098172,0.000850369302161993,0.00801910481277446,0.0109323622605793,5227.84,0.00511274470203116,0.000104843933003806,0.0260947839069823,0.00796944595852933
2019-10-01,0.0943283423183862,839.591,753.153,0.012021110923667,0.0385308986830748,0.022069024983413,-0.00364361092266385,78,0.118777028681781,113.021631908557,4.0864,87.4961407874665,0.897281319739406,0.00114200313877169,0.0222056967504614,0.0107448825768156,5233.07,0.0103326621063875,0.000288609792417738,0.011035861924835,0.00628681462057634
2019-11-01,0.531735319398795,841.697,754.621,0.0262763635174199,0.0318233759868907,0.0424071661876286,0.000568875838688698,78.3,0.116986682189048,116.907999771541,4.1547,86.032925650904,-0.47677367980981,-9.67261738736569e-06,0.222503760847331,0.0114860718396372,5259.76,-0.00550411912342508,0.00285223387444589,-0.000972077774625157,0.0104924332186441
2019-12-01,0.878186399125316,860.737,767.394,0.0448278487662617,0.0335628640265355,0.0554490881538547,0.00314698950501313,77.8,0.117040375854909,119.912673016631,4.1089,85.2310918021306,-1.21284036727617,0.000824670970808516,-0.392208358007238,0.0136932083780726,5320.25,-0.0141076973783525,-0.00501942706530123,0.00505961733696185,0.0155772006219721
2020-01-01,0.0942808707992441,872.596,775.581,0.0406535465338758,0.0306875773705253,0.0603017276396198,0.00148199880100031,78.2,0.114468694324857,119.554725536022,4.1489,87.0564834480906,0.619497072020351,-0.000852640994931875,-0.139027366204274,0.0182689991952426,5331.42,0.00716106691758345,-0.00176611053713494,0.0145754287430902,0.0128056453339626
2020-02-01,0.14657634279636,870.953,775.683,0.0523865859390618,-0.000757385856174353,0.155102119898289,-0.000792447833486976,78.8,0.114035079724177,111.020260767082,4.3404,86.5371017700843,0.0998894476777537,-0.000365634644897264,0.293109323029057,0.0243371652528133,5344.75,0.00117100917600776,0.0037342330652006,0.0575484632948099,0.0282881927600924
