"date","ipca","ipa","igp","tradables","nontradables","monitorados","pibhiato","capacidade","desemprego","comm","cambio","pimpf","pimpf.hiato","ipcaindice","lpimpf.hiato","pib"
1999-07-01,0.757406979823116,156.336,163.539,0.0523865859390618,-0.000757385856174353,0.155102119898289,-383.654442345563,78.1683606429072,0.114293779612538,47.5040320131758,1.7995,72.0068161386472,-0.759149248891717,1532.47,-0.0104487652352212,91230.4
1999-08-01,0.49185712961224,159.65,166.128,0.0612728417913819,0.004760520145624,0.182465930198298,-279.052975248123,78.2046043241988,0.11712579239756,49.7544817182194,1.88,73.6241487883272,0.53338186466857,1541.05,0.00729708205569679,92283.4
1999-09-01,0.482618826319739,163.153,168.599,0.0661605621280263,0.0094994809531348,0.190278799493833,-2871.5063584998,78.4280889906065,0.115431877185258,51.77346376741,1.8973,73.9678948618832,0.60683086591402,1545.83,0.00823888499843939,90611.8
1999-10-01,1.10130394440263,166.935,171.189,0.0907642674079039,0.0105087785745637,0.201007401592425,1543.36565975506,79.2385790371554,0.116837954051722,52.5319085995558,1.9687,74.0370828779134,0.476435642339283,1564.23,0.00643403262782893,95872.4
1999-11-01,0.867670256503845,171.998,174.969,0.103431066388715,0.0141524400357707,0.223713253238015,4717.20821215579,79.8191571465097,0.119022423713231,53.2836966508116,1.9291,73.8935690331724,0.176693263653505,1579.09,0.00236517600522035,99563.1
1999-12-01,0.504271290982143,177.708,179.089,0.112697107534036,0.016281734300992,0.208942229670962,3881.55776246755,80.288674836038,0.118014975311805,54.0069328504822,1.842,73.4538997679966,-0.437415496953804,1588.56,-0.00594716459884115,98772.5
2000-01-01,0.521196946086,180.13,181.266,0.113251129196819,0.0170885472288886,0.201176517157017,-2083.32953729507,80.0026970302981,0.124269163504712,55.5724212450119,1.8029,73.2656674388878,-0.8925499556902,1598.41,-0.0120705426323537,92576.6
2000-02-01,0.224587711553182,181.173,182.259,0.0910166245604234,0.0223853528829596,0.18013849491418,-2856.88084396173,80.520062794523,0.1273113324287,58.042724064283,1.7745,75.1811042344567,0.620675423054351,1600.49,0.00839679525017711,91770.4
2000-03-01,0.317505370610723,181.086,182.5,0.0693443501813096,0.0193319371949074,0.177927408097952,-2537.94698331263,80.1831314186234,0.125059309217154,58.487300099091,1.7412,73.6311041342754,-1.44560983051234,1604.01,-0.0192624183844972,92579.9
2000-04-01,0.440250524462418,181.437,183.138,0.0615985536380235,0.0307495966574358,0.161214279044242,-4875.16396504379,80.3812170064971,0.118308759540038,56.4551399290546,1.7674,75.6392476793808,-0.0911521151404173,1610.75,-0.000974113082742534,91376.2
2000-05-01,0.23034562041138,181.568,183.474,0.0561046120785911,0.0298217364484028,0.156370119358121,761.64859628267,79.8129687800096,0.116981647444038,59.4040595903128,1.8271,76.327529163998,-0.11349396027903,1610.91,-0.00125106157637322,98727
2000-06-01,0.42702899005059,183.282,184.872,0.063292592623216,0.0294093541332765,0.140097640803879,2838.09211067196,80.1157914215026,0.117134850814986,61.3221217602032,1.8075,78.3527456274994,1.2311692771906,1614.62,0.0160317375186692,102685.4
2000-07-01,1.25247984587017,186.559,187.132,0.0741003499174429,0.030852403192841,0.122860976103074,1870.98407925108,80.975730572117,0.115637570797844,59.8455702146376,1.797,78.7827254278658,1.1058220587269,1640.62,0.014267220300483,103410.4
2000-08-01,1.22654096484854,192.286,191.855,0.0823445411997039,0.0351754986430755,0.134802776735189,2290.17615742017,80.8092019479377,0.114103258193625,60.7517604011792,1.8084,78.1860557156422,0.085813661266215,1662.11,0.00118026848120412,105177.8
2000-09-01,0.411069114798002,196.668,194.766,0.0813737318643644,0.0380705160184254,0.128256922826622,-3564.6106125168,80.8029202257124,0.110880120125794,63.5818003439737,1.8384,77.1510209696898,-1.31320376164565,1665.93,-0.0168168843500007,100307.6
2000-10-01,0.0857320478836267,198.257,195.769,0.0560315098501616,0.0411809949917132,0.119522030520868,2313.21756154136,81.1413839820388,0.113135949317651,62.8624877810642,1.8788,78.6312403641299,-0.216404504879861,1668.26,-0.00269301487991758,106951.1
2000-11-01,0.254049166746555,199.297,196.452,0.0446403733262957,0.0408692641548889,0.110839305171256,2604.5819990001,81.7345985133856,0.10714095140133,63.9327297782617,1.9472,78.150101358958,-1.08491078935721,1673.6,-0.0137371081381836,107678
2000-12-01,0.471035278570392,200.213,197.455,0.0363553302147557,0.037234581500452,0.129046167727455,617.92247067632,81.8647117653028,0.100896358372649,64.4362742025608,1.9625,81.0302878353832,1.43498872961931,1683.47,0.0178993441772999,105851.6
2001-01-01,0.442664753560008,201.799,198.699,0.0343954664470556,0.0357946921458658,0.132415113921192,-2829.82182662388,81.6941504898624,0.101269755976741,63.945196494789,1.9537,79.8557453124015,0.0361601246487027,1693.07,0.00045753212610844,102530.7
2001-02-01,0.526905152706785,202.375,199.501,0.0343954664470556,0.040025795301986,0.140694162826173,-4104.87653342909,81.8224465030989,0.09892115218796,60.9836461992125,2.0011,80.1065647190315,0.204587322974874,1700.86,0.0025457616192579,101635.3
2001-03-01,0.458471663957035,203.109,200.217,0.0420753364698394,0.0450104421491644,0.127170817683006,1848.10477577943,81.368282708609,0.103699900310747,59.0334937333511,2.0882,79.8327477595126,-0.00643115308011488,1707.32,-8.76871231927367e-05,108303.8
2001-04-01,0.587832769146123,205.457,202.093,0.0478038865453851,0.0444936730649246,0.125931549417687,276.58540173863,81.0353751274834,0.105865247599863,59.394886237194,2.1917,79.7667665702921,0.124184942097529,1717.22,0.00157703322167002,107572
2001-05-01,0.629704331814621,207.949,204.306,0.0529401801068823,0.0494081993071969,0.127728368168005,3021.84069217202,80.7050790895901,0.113329501149072,59.9811472113176,2.2964,79.7152549025545,0.392139204875576,1724.26,0.00499255594746906,111202.2
2001-06-01,0.745195935237017,209.573,205.709,0.0495905344399747,0.05151016865984,0.142586152836951,-4102.01194359465,80.6136003181738,0.109164816686691,58.4278398181113,2.375,78.5344405099492,-0.366186843604339,1733.23,-0.00454394985806417,104949.4
2001-07-01,1.02645505304527,212.959,208.415,0.0429639393719909,0.0558209292752831,0.133487558316615,692.486503444394,79.9175688659811,0.108578223134422,55.8989135324686,2.4652,79.1677274070065,0.744610250487881,1756.28,0.00959771190289782,110758.9
2001-08-01,0.670080938068137,217.291,211.899,0.0382180356019728,0.0559259129612013,0.115043397521635,1976.0062492163,79.7144657367432,0.109914830913664,56.1290813265519,2.5098,78.6689939069929,0.756699272205012,1768.57,0.00983478325179465,113064.7
2001-09-01,0.45586291837018,219.047,213.233,0.0386322871872502,0.0530862715618035,0.120397211974075,-3330.50078437688,80.1254397545393,0.112183168756964,54.0407974023588,2.6709,77.4783052284812,0.0349753012173153,1773.52,0.00062131624449524,108700.8
2001-10-01,0.775190088047474,221.56,215.08,0.0492252772175572,0.052247326115429,0.133621866471719,3189.84645891772,79.6663680903099,0.115455724319512,50.3946720675826,2.7394,75.16208949472,-1.98363224152642,1788.24,-0.0258827025759008,116139
2001-11-01,0.62865577142901,225.045,217.812,0.0627656994625618,0.0526675107320274,0.127789439732178,4223.94823323617,79.6363137441722,0.11576457123087,48.1728443833486,2.5423,76.478363916275,-0.673115961407689,1800.94,-0.0085817946616622,117882
2001-12-01,0.489894352659378,225.44,218.717,0.0729611133876549,0.0571994193184788,0.107839294248253,-1186.11587895291,79.0980244850806,0.116241820860273,47.897347429039,2.3619,75.9006175807973,-1.54957819945976,1812.65,-0.0199897810898779,113016.7
2002-01-01,0.349218790639544,225.519,219.288,0.0760640124989669,0.0559397238531008,0.102565961629856,-2556.73213381068,80.4577105795757,0.117404698187447,48.5321298829954,2.3771,78.5386305329738,0.555497211999011,1822.08,0.00734431283950698,112374.8
2002-02-01,0.386475678612649,225.402,219.585,0.0787514850576561,0.0579304814194044,0.0920423652571711,-4630.02749887062,80.7757313139964,0.115755131949726,49.5493592357839,2.4188,79.249227796823,0.668926129138583,1828.64,0.00870627936887836,111477.1
2002-03-01,0.649335242975066,225.54,219.983,0.0776771383939203,0.0560381283770166,0.10503507086261,635.736166592265,81.2815707972096,0.110821316797438,53.9730665501868,2.3458,80.7323178162236,1.62072492257656,1839.61,0.0204551675422078,118444.7
2002-04-01,0.801573713268404,226.116,220.773,0.0724280151552221,0.0502908399284974,0.129581577339646,601.91802145743,81.2330439418579,0.11343513623939,55.780683891944,2.3196,80.305899981778,0.81097417439787,1854.33,0.0102605656105998,120385.9
2002-05-01,0.429240594435464,227.198,222.31,0.068371045063047,0.049662925914989,0.128231748727012,1727.73342144597,80.4706123788717,0.114320215508144,55.9384911848833,2.4796,78.9448694749722,-0.819712556481974,1858.22,-0.0102654495808361,123552.5
2002-06-01,0.693908849049187,231.839,225.314,0.0677317485366309,0.0498727535863361,0.124119387905133,-342.718047300659,80.5687548840057,0.113280165207016,54.9353874723174,2.7132,79.6314673883779,-0.381601126113509,1866.02,-0.00473679043827602,123424.4
2002-07-01,0.994654204575836,237.806,229.495,0.0664597559840205,0.0531137469503253,0.114987276823505,1285.71752275422,80.9675511514499,0.11338492926964,56.4325260312108,2.9338,80.1536542476912,-0.120385243764858,1888.23,-0.00145708899164898,126856.6
2002-08-01,0.690069959559299,245.261,234.692,0.0731363896545953,0.0508102569490421,0.106041756872762,628.800087869662,81.2909193189417,0.109376245258445,56.6805808487113,3.1093,79.0505983517912,-1.50315311734298,1900.5,-0.0187835624489683,127800.1
2002-09-01,0.878913421506998,253.478,240.314,0.0859767891718508,0.054483317869167,0.100316105169687,-3458.12076060713,80.9352656240189,0.11188484867423,58.9262023415756,3.3412,80.9195550102419,0.0697373275549182,1914.18,0.000919410915110497,125137.8
2002-10-01,1.26481515258223,265.672,248.3,0.0983381997186943,0.0549036819584112,0.100642447069392,3207.95875355948,81.1915687976711,0.107833088345073,60.1042527078095,3.8051,82.2933815863388,1.24145175728962,1939.26,0.0152609342577552,133125.4
2002-11-01,2.92359020520459,282.667,260.037,0.123613538043085,0.065956958737738,0.141581310839054,5006.32430653392,80.9261050144526,0.107928368787676,58.0255435951159,3.5756,82.1213695130316,1.06658299302843,1997.83,0.0131456416890652,135966.6
2002-12-01,1.88725315493283,299.36,272.698,0.148637099961297,0.0747770591838777,0.153166356476859,-1537.95950143431,81.7807240865154,0.113598399940968,61.3321418800279,3.6251,80.8771826891101,0.0349640958366138,2039.78,0.000531344583723836,130241.2
2003-01-01,2.00665560987381,307.13,278.954,0.161885772885182,0.0848207060238508,0.193037692237866,-5610.7659834981,80.4,0.109258680160226,65.3393453883986,3.4376,80.1857226029123,-0.288911497214912,2085.68,-0.00346706535526931,127177.5
2003-02-01,1.52560121726347,315.342,285.691,0.166980239652192,0.0909447805255208,0.23004317777305,-2917.74792864025,80.2,0.107674133427684,70.3454820826314,3.59,81.6298885687365,1.61493716776765,2118.43,0.0201287803374406,131373.6
2003-03-01,1.23895582603277,320.823,290.206,0.180126363376715,0.0980041544164276,0.228463238902282,2501.17674745168,79.7,0.107637933491841,65.827640913317,3.4461,78.3757073992768,-1.12963854468977,2144.49,-0.0141775414317777,138690.5
2003-04-01,0.9602745762933,324.815,293.814,0.191914659884324,0.0987688573396104,0.21703958897122,3214.47500523683,79.7,0.109714361953032,61.8662124815534,3.1179,79.4564963758484,0.352555926606087,2165.29,0.00454861508678661,141388.1
2003-05-01,0.795078816998715,323.454,293.871,0.202396171832943,0.095482410109283,0.223227925864295,-509.46260580275,79.9,0.112479187816101,63.0610432878967,2.9549,78.1142495806003,-0.7735036578527,2178.5,-0.00975861588087579,139605.8
2003-06-01,0.146111284606246,318.639,292.131,0.204435961766198,0.0942782223895662,0.197104015246667,-4122.63445792109,79.4,0.116594781291108,64.3593301568151,2.8824,78.007154617039,-0.951960392894094,2175.23,-0.011983784181079,137993.4
2003-07-01,0.107718787154951,315.04,289.996,0.196415167666374,0.0868910567862216,0.175743832447316,1729.43884601988,79.2,0.115383182602927,63.2848797556019,2.879,78.042922553155,-1.32189884485815,2179.58,-0.016543673335514,145970.6
2003-08-01,0.417984823652853,314.743,290.599,0.182354985466858,0.0853748675878352,0.184079110740252,-1440.4714600083,79.3,0.1166449215652,64.4368237581565,3.0017,78.7351308691983,-1.34818948671,2186.99,-0.0166181086089869,144819.4
2003-09-01,0.914084531863449,318.718,293.369,0.172802013862928,0.0835385446629751,0.201971229795769,494.237735385861,79.7,0.116974342071873,64.4991290214764,2.922,82.370894187532,1.37274241766173,2204.05,0.0171993203249272,148559.8
2003-10-01,0.273343253076739,321.036,295.328,0.153978415284585,0.0812717276239314,0.188784947278737,5477.6907413025,79.7,0.117840399894053,67.4547028213942,2.8607,83.3330087054285,1.43694882939994,2210.44,0.0177256529517376,154925.9
2003-11-01,0.275892564187435,322.723,296.645,0.116879089904225,0.0724088446106206,0.14398750895478,3411.12719396531,79.7,0.114076985452011,67.3819146237766,2.913,84.1856970779539,1.5233496961894,2217.96,0.0184832511219213,153644.4
2003-12-01,0.340223290758125,324.726,298.391,0.0869240639646947,0.0664710459851316,0.132043977392758,3161.9062288226,79.9,0.112965655140225,70.5063078649893,2.9245,82.7558968177335,-0.529588460936296,2229.49,-0.00625379624552647,153801.4
2004-01-01,0.541978970024389,327.598,300.649,0.0741027833517225,0.0605888063933691,0.099444425313356,-6571.92093232335,80.2,0.111137408301751,73.1233565839023,2.851,83.6158402707876,-0.247475874895656,2246.43,-0.00288310396560654,144558.6
2004-02-01,0.552114048505006,330.34,302.99,0.0663232910226539,0.0616333098465829,0.0732187526230854,-9535.71772107153,80.4,0.10996094787895,72.8798439029803,2.9295,82.8120612567138,-1.64359856425138,2260.13,-0.0195952683716998,142861.3
2004-03-01,0.467951210393998,334.588,306.183,0.0584393944506216,0.0572229637522643,0.0610086065455573,2705.69512480477,81.2,0.11357454221953,75.5326717866659,2.9047,86.1552323370622,1.05066416278864,2270.75,0.0123237588985123,157363.5
2004-04-01,0.352635444199627,339.781,309.864,0.0521584762756602,0.0536491338887151,0.0516785239467472,-493.169403090316,81.5,0.116790124337173,76.4752780606294,2.9052,85.5568986413758,-0.177189366353545,2279.15,-0.00202058142694916,156953.9
2004-05-01,0.641436636583577,345.285,313.705,0.050073962206763,0.0573369058573256,0.0468796734258121,-994.358482972893,81.3,0.109958212352449,79.7446991672955,3.0996,86.8337609041603,0.490060487753297,2290.77,0.00570358315432795,159498.9
2004-06-01,0.966219475292097,351.384,318.407,0.054467577111394,0.0610390658918405,0.0685618650859747,1852.78867700972,82,0.109365276352628,78.3882366085363,3.1283,86.3510402660792,-0.569124605168085,2307.03,-0.00652719064190599,165342.2
2004-07-01,0.852528713541477,356.803,322.584,0.0609036910001071,0.0654932029000821,0.0808673526616692,5313.72459573584,82.6,0.106209044372461,79.7234853285602,3.036,87.2252364235174,-0.260189179663797,2328.02,-0.00293842133979982,171370.9
2004-08-01,0.775159651292587,360.109,325.303,0.0633420626292664,0.0734668598764845,0.0815103433533182,1227.6775500924,82.5,0.107986940328944,80.9604271813244,3.0021,87.9301809523607,-0.09038458255732,2344.08,-0.000993926010068868,169178.9
2004-09-01,0.45470344151802,365.878,329.376,0.0604901468955834,0.0701493967465698,0.0724480031339738,-4605.23244421312,82.8,0.105906907458702,80.5926412270702,2.8903,89.1921745650137,0.704187718463828,2351.82,0.00794862441740918,164702.5
2004-10-01,0.421908931210096,366.792,330.147,0.0591189143603095,0.0698288967774936,0.0802713971810189,185.471346166858,82.6,0.103986581568949,86.3939112683085,2.8521,88.7479975100567,-0.0956048870516497,2362.17,-0.00106477291915041,170536.5
2004-11-01,0.626558457114216,370.526,332.881,0.0614431653444418,0.0683375491169451,0.091573559068624,5946.70646790482,82.3,0.109685513744633,83.7253832062406,2.7852,88.9317488482203,-0.162134600870147,2378.47,-0.00181192487391524,176921.5
2004-12-01,0.699182656791999,373.784,335.437,0.0628160397996675,0.068549984501538,0.10200364383727,7376.37422414208,82.6,0.110545909343085,82.5679413494841,2.7174,90.1711250824739,0.932687939540997,2398.92,0.0104132927990266,178462.4
2005-01-01,0.389726326478778,374.799,336.858,0.0622874333937191,0.0665392437165988,0.0983973248917496,-7478.57839687544,82.6,0.108170757147642,85.426576137206,2.6922,90.0848370401357,0.819607161666184,2412.83,0.00916703498186422,163540.1
2005-02-01,0.523129947278385,375.429,337.916,0.0622874333937193,0.06695897580779,0.0973017759939925,-10934.7042484742,82.4,0.109088940820527,87.4442907365214,2.597,87.5431873741931,-1.68600466256092,2427.07,-0.0190378242123641,160701.6
2005-03-01,0.590852405114097,378.05,340.172,0.0570123939985769,0.0650514210238666,0.112235533777959,2203.18158704654,82.5,0.109945079958866,94.520957850601,2.7039,89.0837684190606,-0.160330726430288,2441.87,-0.00175504507626023,175468.7
2005-04-01,0.833012312861853,383.47,344.158,0.0615344846305481,0.0681326751349693,0.121326773188824,1731.14047032033,82.5,0.108198494872864,94.0729819516697,2.5784,88.765055676845,-0.537621367027313,2463.11,-0.00599179536985872,177179
2005-05-01,0.58577539858184,381.835,344.147,0.061218394957705,0.0689842009347779,0.120209357370997,-386.347559085465,81.8,0.105491450484939,91.6042781847429,2.452,89.7502635731793,0.36412323033413,2475.18,0.00411527152620383,177496.7
2005-06-01,0.230940180804763,377.627,342.743,0.0521643491277093,0.0673856800481245,0.10701477026547,486.707244688063,82,0.101561478819982,95.4697097981618,2.4127,91.1773286264357,1.74022445056677,2474.68,0.0193241068371961,180881.8
2005-07-01,0.252054791016566,375.219,341.472,0.0437930763350465,0.0658983306382834,0.0956067271917749,1293.43313423314,81.7,0.104248054043603,97.8478711178076,2.3727,88.9078861935736,-0.516440354549076,2480.87,-0.00573635211436585,184073.7
2005-08-01,0.278247864933058,372.309,339.695,0.0387978552319481,0.0568196680221704,0.0931098034179525,2376.81435417189,81.7,0.105267737744347,103.80457349774,2.3598,89.5133616469488,0.0718536880170291,2485.09,0.000866799402388985,187246.6
2005-09-01,0.464685730588848,368.914,337.354,0.0344522865148422,0.0596730811258301,0.0966959077536511,-5048.82917176621,81,0.110962686570317,107.687228319452,2.2936,88.4837283286825,-1.06154182972709,2493.79,-0.011843692100495,181538.9
2005-10-01,0.712073696518072,371.013,338.98,0.0346583321848979,0.0614720068677059,0.10561744192387,1154.17488728414,81.4,0.110361509733155,107.178505587613,2.2557,88.6868155903813,-1.11057816898064,2512.49,-0.012340447825105,189183
2005-11-01,0.488087094412773,372.225,340.161,0.031568877624776,0.0661289784802475,0.099512069993317,5869.18848761168,81.8,0.111412976097843,101.196128312772,2.21,89.6073097506265,-0.576134349666262,2526.31,-0.00629253409655561,194794.5
2005-12-01,0.218220599434966,371.614,340.368,0.0273663414579819,0.0635855296250261,0.0897559735426219,9387.70755690109,81.7,0.106529753995281,106.182001974206,2.2847,92.2141867957941,1.60493620114744,2535.4,0.0176640162188262,198480
2006-01-01,0.412075811082566,375.44,343.219,0.0258326536472868,0.0648519541492869,0.0905149320357861,-3201.46075147766,81.3,0.105940576514217,107.905760485708,2.2731,91.3595904765469,0.420312405911986,2550.36,0.00468737850843759,185564.8
2006-02-01,0.327603218367369,375.76,343.79,0.0242948273625863,0.057416422211384,0.0933457415638344,-10375.5163618582,81.7,0.108127411060019,106.110057822923,2.1611,91.6219868347273,0.468766243402271,2560.82,0.00517330338923205,178482.2
2006-03-01,0.404417303823071,375.323,343.69,0.025419414956257,0.0555225420521992,0.0867612721951514,175.99534178141,81.4,0.106407380295182,106.826432285565,2.1512,90.9556942721283,-0.305255020675858,2571.83,-0.00333105581370496,190223.3
2006-04-01,0.177390158946033,371.206,341.467,0.0141432553505361,0.0528976476374665,0.080314201171648,-7240.14246553145,81,0.105610915201033,115.698565260193,2.1285,91.1754916144701,-0.130499598721485,2577.23,-0.00142531289372361,185030.6
2006-05-01,0.171291716870864,372.552,342.694,0.00568534893180672,0.0480750556040785,0.0824694414732376,2397.91749420372,82.1,0.103155823831124,119.892187500183,2.1773,92.3407026164634,1.03074555028344,2579.81,0.0112238278159094,197874.3
2006-06-01,0.0169690154288411,375.417,344.655,0.00206270809114772,0.0436801721840128,0.0848546906431504,-20.8586596420209,81.9,0.107501767997269,117.227587602056,2.2475,90.3157649797571,-0.969323136066222,2574.39,-0.0106780812024887,199071.9
2006-07-01,0.229867160121387,377.692,345.992,0.00457414344977236,0.0428479742992851,0.0793680197563196,4253.83246215258,81.6,0.110059318678131,121.713228044239,2.1885,91.8032189645155,0.485589137421542,2579.28,0.00530607476681233,206974.4
2006-08-01,0.167263137909847,378.871,346.91,0.0059830833424086,0.0438896764012722,0.0716498255540696,3858.99183319186,81.8,0.107449312763531,122.41103477327,2.1551,91.5282492962931,0.104015901317709,2580.57,0.00115647682645559,209818
2006-09-01,0.322488721606527,380.562,348.168,0.00779421511877998,0.0436814606485243,0.0642166618809834,-7657.29100265153,82.1,0.102304650649165,112.612866588131,2.1679,90.4025482570331,-1.25386548889823,2585.99,-0.013724758448947,201055.4
2006-10-01,0.301045340150046,381.566,348.903,0.00769386719334753,0.0449300079048081,0.0485078939925614,3108.41035047866,81.9,0.102160706279,110.802485185764,2.1475,91.1215664850876,-0.951587327052465,2594.52,-0.0103053156751685,214271.7
2006-11-01,0.26175145337841,387.099,352.472,0.0114160068645222,0.0411955216261846,0.0396706931012014,6781.49104726949,82,0.102250314919713,113.440785192779,2.1571,92.9939074110557,0.350494377047738,2602.56,0.00387990702950347,219724.2
2006-12-01,0.349404013890053,389.264,354.142,0.0131314685143973,0.0400543148966219,0.0427732615676324,7453.27242026542,82.2,0.0997484932072165,115.550687042573,2.1491,94.4086571334054,1.14082717765712,2615.05,0.0122576586282577,221359.3
2007-01-01,0.271209834656409,390.252,355.518,0.0120206894698784,0.0390235375775969,0.0395593054025312,-3264.5133490985,82.2,0.100160372760137,110.949546749002,2.1377,93.7159048531634,-0.156302632489528,2626.56,-0.00158877334220087,211130.7
2007-02-01,0.345315347981935,390.886,356.507,0.0119193962370217,0.0416990463403002,0.0364536711501831,-12583.254963039,82.3,0.101006075959813,116.775265705671,2.0955,94.2772230202808,-0.187033217902624,2638.12,-0.00193295868960952,202704.1
2007-03-01,0.346407332914682,392.48,357.869,0.0110113927907474,0.0452295255643405,0.0316152402260614,363.740389415092,82.8,0.1003550911165,119.501740282007,2.0879,95.1592897093725,0.118824905683311,2647.88,0.00126970931305515,217588.9
2007-04-01,0.214413177174591,392.612,358.501,0.0152648715543664,0.0436660589824234,0.0300761285686721,-4819.09742179944,82.4,0.101461419664534,126.339752899399,2.0312,95.9429071912692,0.359013799626211,2654.5,0.00374587596683984,215128.8
2007-05-01,0.314544432994059,392.59,358.816,0.0213637794731951,0.0443968444593541,0.0290506670170856,3316.94608827608,82.8,0.102787570731027,126.74981285228,1.9808,96.3761907638001,0.290057307891573,2661.93,0.00299977410333874,226537.9
2007-06-01,0.460955731243846,392.21,359.357,0.0313127939950772,0.0504701367170888,0.0279193900495476,2524.88103247309,82.5,0.101310236053793,127.192978188255,1.9311,96.7606725118118,0.196120030362678,2669.38,0.00202110632525443,228988.6
2007-07-01,0.306031702454224,392.599,360.138,0.0398726901852364,0.0487935759003828,0.0222844287764763,4490.37150913439,82.6,0.0998519708789488,129.715401506189,1.882,96.3870355060519,-0.670307624917854,2675.79,-0.00691248278940737,233824.1
2007-08-01,0.593606224631757,395.859,362.449,0.0480909717503257,0.0519333630750176,0.0238183155856837,3349.30331453276,83.2,0.101551131434635,125.448813204441,1.9652,97.5775720302711,-0.0392068215625869,2688.37,-0.000347245191457901,235019.1
2007-09-01,0.294709139767698,404.009,367.784,0.0491373884553481,0.0523530871101594,0.0211622313504785,-10630.4319242778,82.7,0.098245791202449,131.784739890582,1.8988,97.0553294226815,-1.19167774653185,2693.21,-0.0121157256015243,223002.7
2007-10-01,0.287592394071472,409.859,371.706,0.0445404909158102,0.0563349070155847,0.0204482745367094,6313.9882609456,83.3,0.0965213355877257,139.388357597074,1.8002,99.5568629437227,0.607502258580823,2701.29,0.00621838591643886,241939.4
2007-11-01,0.344147083745299,413.89,374.33,0.0411120210331546,0.0591764973801776,0.0231014400505047,4653.31701138525,83.7,0.0941291425275096,147.671281093446,1.7691,99.3182652525286,-0.321348136370219,2711.55,-0.00315675672059612,241938.4
2007-12-01,0.624973448246973,422.787,380.273,0.0473338060194086,0.0667835505284444,0.0165060226545626,3756.28350700912,83.9,0.0940983759481805,147.638237047466,1.7852,100.902120165371,0.624964195840818,2731.62,0.00623009292035537,242460.2
2008-01-01,0.377216854817846,427.722,384.165,0.0484833442219841,0.0691118479601536,0.015796384461825,-3060.07620213635,84.6,0.0907510642603675,154.447467911667,1.7735,102.075374209868,1.27706685193442,2746.37,0.0125268872741122,237247.7
2008-02-01,0.383540480561159,431.579,387.221,0.049847736962213,0.0692174601154392,0.0155934686838664,-10111.8150879773,84.6,0.0932408331065727,161.368559418187,1.7269,100.219626687701,-0.96463020776045,2759.83,-0.00973106117621825,232680.4
2008-03-01,0.462954826724249,435.167,389.591,0.0532002095281034,0.0668806049472952,0.0182284781824968,-4508.68253601561,83.7,0.089870133275218,171.380328644189,1.7068,101.256945794947,-0.250937403210386,2773.08,-0.00270794940811747,242124.4
2008-04-01,0.496387801831917,436.679,391.325,0.0614997423513177,0.0700770913298396,0.0157942234284001,-2786.43227238514,84,0.0875760003410197,177.834108555155,1.6881,100.58850107957,-1.18430646959912,2788.33,-0.0119873898541991,248793.8
2008-05-01,0.789190015587135,445.013,397.258,0.0709019594163327,0.0770298113354815,0.0148831972190469,-2122.90918142055,83.4,0.0834451123451996,189.889058672767,1.6597,99.3100515632086,-2.65458317348217,2810.36,-0.0266404244837126,254936.9
2008-06-01,0.887342049554634,454.868,405.029,0.0777182424001863,0.0816462668665248,0.0176247526292435,3493.29868875683,83.7,0.0858123883507543,199.570090200076,1.6181,104.287737337706,2.30379716767052,2831.16,0.0222356988884087,265791.2
2008-07-01,0.623197251246563,466.401,413.135,0.0739772785517274,0.0862931636069846,0.0259876740278804,11727.4213116701,83.8,0.0893080436469899,202.79824199016,1.5906,102.543136006083,1.00242724438765,2846.16,0.010115095755328,278095.6
2008-08-01,0.424802959439894,467.554,414.722,0.0680077770530776,0.0841316012478022,0.0283446173461626,640.481099306839,83,0.0843658887843166,181.099920941178,1.6115,101.165195884015,0.654865265113315,2854.13,0.00746950862734064,269235.6
2008-09-01,0.369075352724648,464.068,412.973,0.0675816817899404,0.0849963986164315,0.0305050051977303,-3873.99050372135,83.4,0.0871863068428144,165.917674832465,1.7988,102.509225970035,3.66905908311836,2861.55,0.0383110675835052,265271.2
2008-10-01,0.439079469471343,468.613,416.194,0.0744155713313044,0.0812294237179516,0.0324619862170958,12291.653473197,82.8,0.0875927505722419,135.642449629873,2.1721,99.7027560305521,3.17816010890985,2874.43,0.0350460085275506,280522.5
2008-11-01,0.325358540969236,472.402,419.23,0.0785970110361163,0.0773617508986106,0.0316381585799792,4912.40000478429,81.6,0.0918967743351099,115.075840161529,2.2655,95.917292650577,2.09586998150023,2884.78,0.0250242014627027,270698.8
2008-12-01,0.189435141563376,471.366,419.338,0.0697332930246308,0.0709596804763155,0.032770921581015,1776.1350518142,80.2,0.0914929058434196,102.513675947787,2.3936,84.7614357166856,-6.45519798801979,2892.86,-0.0709216564471182,264404.8
2009-01-01,0.310625103081161,464.315,415.772,0.0662147842366509,0.0676732272893459,0.0384398238451824,-9992.74987687735,79.8,0.0991214944423523,105.370487891975,2.3066,85.6697218009825,-3.67697049746509,2906.74,-0.0405215175326177,249934.4
2009-02-01,0.422169580914617,466.736,418.021,0.0649357102177721,0.0689387427701318,0.0403071482037449,-14954.3840317694,79.7,0.0984365878528787,101.636591584712,2.3119,87.252058358759,-1.13254099799197,2922.73,-0.0123178604762977,244024.5
2009-03-01,0.181978389912669,464.098,416.729,0.0608043571193448,0.0674487843473137,0.0368901942980298,1818.25049848392,79.8,0.102086383511155,101.657459125458,2.313,88.3185729060196,0.0792117240467007,2928.57,0.000922314644495437,262181.7
2009-04-01,0.410473522358851,458.407,413.78,0.0550299866085009,0.067661360028753,0.0406174081766846,-4023.25190807134,80,0.102583838855064,103.867904999277,2.2051,88.8878293753304,0.149158084096072,2942.63,0.0015396755333299,259563.5
2009-05-01,0.467169899389578,458.696,414.47,0.0495138980921497,0.063207911114143,0.0410325757043832,38.7586142699001,80.2,0.103499951982581,112.432007969204,2.0601,90.5312974540826,0.815387106515473,2956.46,0.00900076136522543,268324
2009-06-01,0.524883215447008,456.895,414.33,0.0443280403093047,0.056981681163202,0.0411364504375409,1894.68842200033,80.2,0.0985934643629119,121.529287127667,1.9568,91.0551446624727,0.0399765798531604,2967.1,0.000595239291391714,275701.2
2009-07-01,0.376266205329576,453.808,412.883,0.041106088751822,0.0519344148782994,0.0408259723708102,5943.26112830883,80.5,0.0985934954307342,117.044336999179,1.932,92.7134986452406,0.174422256877989,2974.22,0.00224261226479339,285444.2
2009-08-01,0.319565135182765,449.085,410.402,0.0359104300595778,0.0545561236184011,0.0388553003752898,-614.53216194961,80.7,0.101335377188197,123.644966954095,1.8444,94.2956437828248,0.102506436759313,2978.68,0.00158293041520352,284240.4
2009-09-01,0.334160826035342,451.165,411.843,0.0337397935567589,0.0542409230235168,0.0409294848624122,-6623.70729456161,81.1,0.0995326871969246,120.101717365073,1.819,95.2902254118584,-0.605150579750756,2985.83,-0.00579864607107616,283157.9
2009-10-01,0.26416994275904,451.558,412.274,0.0302467352203517,0.0511976235244445,0.0427986718863069,7745.94130880572,81.6,0.0989616192876928,127.557909161011,1.7376,97.5811465324937,0.00996954058373944,2994.19,0.000563696313347073,301895.9
2009-11-01,0.362162025865704,451.925,412.558,0.0263551471549071,0.0544472372389693,0.0450887069014294,7695.3800138355,81.9,0.099318650442853,132.46017097885,1.7254,100.448718629018,1.34624147195677,3006.47,0.0137997527702103,305048.8
2009-12-01,0.280196276192816,450.812,412.275,0.0262526858244534,0.055287685370673,0.0473812536709817,14181.2416217632,82.9,0.0992990832211225,135.091794622481,1.7495,100.668353196039,0.296424118073205,3017.59,0.00307285121489098,313522.8
2010-01-01,0.560066282467657,451.115,413.098,0.0332312040880596,0.055706824556601,0.0482129211676923,-11643.6444929718,82.3,0.0956817254494741,140.879356264572,1.779,101.335994807788,-0.0228463266942214,3040.22,-0.00025467765394005,288972.8
2010-02-01,0.629241508985478,456.323,417.55,0.0368507709125097,0.0575815998961851,0.0496763217357372,-16975.1162950548,82.1,0.0926756793775705,137.553819929202,1.8408,101.877708760338,-0.186095240277041,3063.93,-0.00195081392786367,285723.2
2010-03-01,0.482745139603187,462.442,422.158,0.040888835628466,0.0652788538136748,0.0467413370134881,5380.16431324423,83.3,0.0917365471641174,142.134457038029,1.785,103.514230113037,1.02846205512488,3079.86,0.00982266639741258,311651.6
2010-04-01,0.484065360510074,464.803,424.824,0.0421318116487213,0.0697329814254388,0.0428880458514644,-3717.80605466187,83.8,0.0887283040597067,150.037752790342,1.7558,103.165272421615,0.554949770806616,3097.42,0.00524370525097595,307083.5
2010-05-01,0.441340845183932,471.034,429.553,0.0377913181848928,0.0724001126247651,0.0431999764733546,-151.309203638288,83.7,0.0916498904882663,141.225643659624,1.8124,103.270056296137,0.773158919056144,3110.74,0.00740690566527569,315988.4
2010-06-01,0.203381886546354,478.929,435.151,0.0297520170806698,0.070579944701979,0.0420550897387233,-848.300473363604,83.6,0.0884003938360485,138.308452289982,1.8057,101.826762981598,-0.418002453811866,3110.74,-0.00415597004744317,321023.2
2010-07-01,0.192390351753255,479.049,435.363,0.0258456003242489,0.0697238231948205,0.0394647171381997,4883.52830853488,83.6,0.0884582184368354,138.545068482847,1.7688,101.533603739179,-0.475106598168622,3111.05,-0.00468229166892087,332454.2
2010-08-01,0.227627215782632,482.654,437.365,0.0302704534503342,0.063873106182518,0.0377004499465714,1475.29054817278,83.6,0.0868188223669198,142.362782418929,1.7588,100.769168343908,-1.14433602461777,3112.29,-0.0112576236207129,334225.6
2010-09-01,0.524467537163879,490.512,442.255,0.0392329101496827,0.0632369452659245,0.0358394747449138,-6018.22190574481,83.4,0.0818468941354581,145.003114822572,1.7179,101.081652744606,-0.968155950946638,3126.29,-0.00943799664940936,331255.9
2010-10-01,0.72109084916446,497.906,447.351,0.0466944946661145,0.0707731160869169,0.0346016661712292,3852.06169972272,83.4,0.0815469670076725,152.693365680988,1.6827,101.344311833808,-1.0818130211816,3149.74,-0.0104536234793766,344963.8
2010-11-01,0.765697979402562,505.315,452.598,0.06037609302984,0.0708795653478858,0.0338803303482014,12906.8010098342,83.8,0.0801730590046263,157.826619839809,1.7125,102.916761059763,-0.064682853767593,3175.88,-0.000399714560597175,356707.5
2010-12-01,0.525033726655807,512.698,458.304,0.068739682421749,0.0727985132997289,0.0313087446095979,10642.2900830286,83.6,0.0806172673636919,166.803581894102,1.6926,103.666399464967,0.0893132074642438,3195.89,0.00113542652250143,355797.4
2011-01-01,0.632699630841019,514.515,460.569,0.0660858790784289,0.0765253567702489,0.0324338458880573,-12660.1436422379,83.4,0.0815877548671088,172.981435946721,1.6741,103.641156950249,-0.428571303027169,3222.42,-0.00382872817838908,333255.6
2011-02-01,0.649466536514167,520.468,465.308,0.0631085795956652,0.0790698326972221,0.0329479037679059,-12605.4547779414,83.7,0.0811741492005886,179.468167965246,1.6672,109.547741470594,5.22528280358341,3248.2,0.04917810517302,334982
2011-03-01,0.740054195091905,525.643,469.204,0.0603590696912095,0.0792834464421881,0.0452572168610743,-2886.54051829758,83.5,0.078548927407818,185.473651416459,1.6583,102.573813031842,-1.59378319786981,3273.86,-0.015142585109027,347879.6
2011-04-01,0.674613594448529,528.204,471.813,0.0602536766815989,0.0755385351082463,0.0572608697409442,-6093.36712355755,83.2,0.0794949857935231,194.87069783582,1.5856,102.217011429997,-1.59560666858283,3299.07,-0.0152500225008305,349049.3
2011-05-01,0.492550904482114,529.567,474.416,0.0596201851400642,0.0753245401748774,0.0595791931870027,6055.54343092022,83.5,0.0789159265654969,187.741334614091,1.6127,104.775153689652,1.42458074408553,3314.58,0.0138966743050384,366256.2
2011-06-01,0.368744123173809,525.931,473.355,0.0625897943067071,0.0788734660500423,0.0570392510539139,5964.95324599394,83.5,0.0787502389634457,185.93717680259,1.5862,102.171473549478,-0.588476488590388,3319.55,-0.00556235786600734,370951.2
2011-07-01,0.355643000681356,524.827,472.779,0.0643999983855936,0.0817875900579808,0.0567231507994119,4162.95596525533,83.2,0.0780882416387898,188.470696853588,1.5631,102.649627673068,0.528108733948685,3324.86,0.00531690316572409,373143.3
2011-08-01,0.55193280171795,526.21,473.729,0.0689714326575255,0.0867633153997127,0.0571458823328845,4677.18085767643,83.6,0.078093256475012,184.134851319023,1.5962,101.367509678165,-0.106288822648366,3337.16,-0.000909040129067229,376769.3
2011-09-01,0.589766740353435,530.038,476.717,0.0651567051024429,0.0888224002613596,0.0616829891240129,-12805.0295985816,83,0.0797549261848396,182.107492051107,1.749,99.4079760539776,-1.48524802242791,3354.85,-0.0147078606521536,361724.6
2011-10-01,0.406012029930996,534.316,479.771,0.0587235804478636,0.0840733731388874,0.0633766010707708,1654.26059764414,82.7,0.0782765576000434,175.684282650313,1.7719,99.5684200237317,-0.880179801294986,3369.28,-0.00868414420616226,378491
2011-11-01,0.464517890612741,536.905,481.86,0.0487129960173518,0.0848276985476324,0.0627406736705494,10922.8472089211,82.7,0.0744951794993549,178.040256406762,1.7898,100.264501223639,0.16240732808113,3386.8,0.00175016267944805,389560.8
2011-12-01,0.376781849511411,536.767,482.752,0.0441420825131651,0.0859057346189309,0.061998684371158,11918.5554306234,82.2,0.0742543733340821,174.761235152745,1.8362,103.355895799557,3.60321542918673,3403.73,0.03563160343014,391595.1
2012-01-01,0.363041666847709,535.299,483.119,0.0396714950843027,0.086227961839886,0.0570537727240961,-13264.6146876694,80.8,0.0756771467470245,177.618594010884,1.789,97.6085124401567,-1.70248121321426,3422.79,-0.0171551476794747,367215.4
2012-02-01,0.313173915512924,534.297,483.307,0.0376957240894435,0.0797178512413173,0.0548443441158339,-15254.2768760792,82.5,0.0744902403990706,183.12773659145,1.7178,99.0247775793666,0.0784102024625781,3438.19,0.000895827519117987,367177.3
2012-03-01,0.162155879695423,535.574,484.623,0.0340735688742113,0.0737342589929735,0.0457625570858413,7034.41162148741,82.4,0.0769299668943624,187.234388031873,1.7947,98.6877998504081,-0.0181026712800048,3445.41,-0.000110303741609918,392996.5
2012-04-01,0.553571100062982,539.645,488.013,0.0335596158081704,0.0769387981662513,0.0372965160471368,-8611.89863469108,81.8,0.0761641142550308,184.229929622973,1.8542,97.9653429404824,-0.676986727209766,3467.46,-0.00682415380780999,381795.3
2012-05-01,0.391266269667524,546.172,492.941,0.034898423600668,0.0744741621107465,0.0349237840860148,4673.6948843287,82.3,0.0734107835551367,173.347651197449,1.9854,98.0562729090216,-0.750806772542248,3479.94,-0.00754967897420311,400281.3
2012-06-01,0.294834425222028,550.137,496.536,0.0297337443731969,0.0752238948793647,0.0377214354847257,-2071.19878934434,82,0.0757830280555325,162.08035007342,2.0486,98.0051242108913,-1.19785375889948,3482.72,-0.0120398153080243,398714.5
2012-07-01,0.62919623644363,556.975,501.285,0.0307638901758915,0.0824113637965469,0.0366867147394021,9117.97318102617,82.2,0.071302925481012,167.314025591565,2.0282,99.8416483153279,0.0627038774231323,3497.7,0.000756300199562965,414617.4
2012-08-01,0.592139888481788,569.265,509.247,0.0296362519071758,0.0832732420597471,0.0377230905414012,10748.2690147085,82.3,0.0711190058243673,171.974397084423,2.0289,102.192911457115,1.79501449616866,3512.04,0.0178408647920678,419906.3
2012-09-01,0.629714638730878,577.242,514.609,0.0337334912701166,0.0828419597895931,0.0344228382160854,-18300.6940898608,82.3,0.0734369393920154,173.707159468872,2.0275,101.033577262257,0.106321912452842,3532.06,0.00114037302840497,393524.7
2012-10-01,0.569979555003821,579.535,516.779,0.0400147685853356,0.0827341499568781,0.0322604970253089,8335.01007036824,82.4,0.0744648458814074,172.096868282293,2.0293,101.909926882212,0.546611224411535,3552.9,0.00543012146177091,422672.1
2012-11-01,0.555348961937347,576.261,515.347,0.0410488888683076,0.0816586218452691,0.0350400954515266,7601.63841781433,82.5,0.0723630112167731,169.751161329954,2.0672,101.399037462163,-0.310970045959536,3574.22,-0.00303667421350706,423816.4
2012-12-01,0.638461668068676,580.054,518.573,0.0446740715476814,0.0845579351372197,0.0364864035996775,5617.42107622226,82.7,0.073974546679954,170.538214029272,2.0772,101.713910029858,-0.296595414307504,3602.46,-0.00290019206691827,423195.9
2013-01-01,0.653859093496345,582.041,520.751,0.0554342144846225,0.0869173017517773,0.0293681034256579,-4962.28491367586,83.5,0.0772247468713057,174.694947687371,2.0305,102.812896809385,0.527239444841385,3633.44,0.00514902647451532,414131.8
2013-02-01,0.456869597344462,582.356,522.26,0.0643185189256192,0.0913221262424189,0.0153023314159515,-23185.3351986027,82.7,0.0751697203628111,176.177797665212,1.9727,101.412597978036,-1.12241859717263,3655.24,-0.0109978419339676,398645.4
2013-03-01,0.398041269573862,582.996,523.431,0.0690052698095993,0.0934941276878212,0.0161131138726622,908.490601973317,82.4,0.0745327074592948,171.586812298877,1.9823,102.659341089962,-0.136649381161376,3672.42,-0.00132033446886304,427409.8
2013-04-01,0.478648831800074,582.632,524.361,0.0657094803154084,0.0943618080113182,0.0155062980387581,6702.74504082324,83.2,0.0754752270053424,168.320881143811,2.0016,104.103843774968,1.07844335727309,3692.62,0.0104207750330332,438856.8
2013-05-01,0.401462184039192,580.342,523.844,0.0630581978984626,0.097090345480181,0.0154050713344078,1151.75398017123,82.5,0.0775348012969122,167.166782087759,2.0343,102.428670173543,-0.741586622635069,3706.28,-0.00721109365706951,439054.2
2013-06-01,0.460097544034694,582.845,527.188,0.0675369263879535,0.0963253656596452,0.0177370050978325,-484.192159976577,82.4,0.0812220072071695,164.701242429588,2.1724,104.193569594807,0.938570857596275,3715.92,0.00904925595109773,442857
2013-07-01,0.242972465434151,585.725,529.467,0.068070374782111,0.0879589580128868,0.0130642930273162,10311.2048250925,82.5,0.0783800013658109,166.667512153814,2.2516,102.345485739441,-0.905336108013699,3717.03,-0.00880222550460985,458458.9
2013-08-01,0.442386715262039,586.851,530.252,0.0675386790559154,0.0841719303121955,0.012659593419595,897.606573103054,82.3,0.0748553759036702,169.311802383177,2.3416,102.938776685926,-0.257531403378721,3725.95,-0.00247693630333234,452862.2
2013-09-01,0.426801248332678,595.407,535.843,0.0642594778023746,0.0820128704091545,0.0112461104377533,-16408.136476629,82.1,0.0778087179398394,168.680311308511,2.2699,104.186767384045,1.12172816695977,3738.99,0.0108834084548066,438766.7
2013-10-01,0.562563672076435,604.193,541.77,0.0638379889002747,0.082443822463484,0.010136513708096,7940.18086277944,82.5,0.0763432239143979,166.009943319486,2.1881,102.516123369743,-0.295983692512451,3760.3,-0.00276544048964755,466166
2013-11-01,0.512365009116719,606.59,544.135,0.0620415007894863,0.0828743460082646,0.00953368706375013,5306.91497443226,82.2,0.0717851894345403,164.298087443891,2.2947,103.457390179709,0.984250264537749,3780.61,0.00975769949827132,465693.8
2013-12-01,0.757892944100199,608.888,546.506,0.0601461263086009,0.0842681446714433,0.0153697235283869,12055.0429044577,81.8,0.0724252885329542,167.885816346645,2.3449,99.2564052420698,-2.80611015110522,3815.39,-0.0275859212017524,473552.5
2014-01-01,0.340646335002243,612.228,549.664,0.056368509704908,0.0756025581180753,0.0214753743012577,-5842.97765338293,82.3,0.0713660471545221,166.688448334506,2.3816,100.908646116337,-0.756630986866426,3836.37,-0.00708201319308976,455935
2014-02-01,0.533820280091681,612.63,551.329,0.0524844160092821,0.0718965048069773,0.0370727836975051,-11955.6021447585,82.7,0.071772511930741,170.991846037539,2.3831,106.669303198645,5.50430419079233,3862.84,0.0534547182285632,450358.8
2014-03-01,0.811993275379165,622.729,558.458,0.0570987358881589,0.0809451891756925,0.0341765102142086,-1613.37909425265,81,0.0667946983524842,169.83014901628,2.3255,98.6524099464457,-1.73852146254281,3898.38,-0.0169852973717797,462159.8
2014-04-01,0.612668715125934,631.556,565.095,0.0616333773130577,0.0779455394931434,0.0378843435343668,2805.11658765591,81.2,0.0659260521391939,170.99844055245,2.2322,99.9108733709948,0.343357502038245,3924.5,0.00386291524602633,468767.5
2014-05-01,0.480418396180487,630.191,565.857,0.0667170167894175,0.0741922472247136,0.040781438701246,4772.84539779671,80.9,0.0667557073996711,168.760389317498,2.2203,98.321717184267,-0.472656540728153,3942.55,-0.00448745297544395,473347.1
2014-06-01,0.580980127423889,621.279,562.046,0.0693808790828685,0.0763337788180642,0.0394335448276542,-12985.9304766947,80.2,0.0667571252308632,169.074608770665,2.2349,95.1744551255276,-3.02132314832205,3958.32,-0.0310747878164861,458516.5
2014-07-01,0.213873314371849,614.909,558.873,0.0710900084471005,0.0704216288295498,0.046312379075987,7010.77626936062,81.4,0.0690859955737638,165.680713802331,2.224,97.2014870481877,-0.660580551264275,3958.72,-0.00671743486105036,481994
2014-08-01,0.467619500255856,609.295,555.785,0.0681026072879687,0.0707421143471636,0.0507029395636671,-1267.69919876452,80.9,0.0712993873634415,160.137018437262,2.2674,98.0356198409074,0.368961297516677,3968.62,0.00375243378385193,477052.9
2014-09-01,0.664669555988771,611.437,557.503,0.0686334206302255,0.074587940558527,0.0532205983645391,-4801.27280519885,81.4,0.0702399835966828,155.058246076718,2.3323,98.4448799176972,1.00933952016636,3991.24,0.010272893800062,476520.6
2014-10-01,0.427638923663222,610.473,557.642,0.0624942825164623,0.0746948966589114,0.0557447939268265,9601.35623338289,81.1,0.069583531634712,146.42700202046,2.4476,98.4814699701375,1.46027728708516,4008,0.0149466482467355,493304.7
2014-11-01,0.503461551652757,616.945,562.188,0.0601684243855802,0.0744812608579655,0.0582664773518109,4647.80457828491,81,0.0744989693515722,139.595733455403,2.5477,97.8482527483768,1.49969051013831,4028.44,0.015526312871156,489484.4
2014-12-01,0.625239847953136,624.162,567.72,0.0595366196034675,0.0742687657999492,0.0532326064854063,15085.1425282806,80.7,0.071339722432129,126.234914848171,2.6387,93.8798078196509,-1.56763127383638,4059.86,-0.0164104994698047,499867.7
2015-01-01,1.01866691522641,625.487,570.125,0.0557476737103788,0.0829236066622723,0.0754766105275368,-11021.9569728881,81.2,0.0705948733935818,114.224764864217,2.6336,94.2087566452795,-0.246529568131663,4110.2,-0.00241888841151283,472913.9
2015-02-01,1.05120166998824,625.683,572.596,0.0592226062091263,0.0817468646220387,0.096579089837689,-23617.4854858437,80.1,0.0721550006324103,117.588753372027,2.8158,93.8371262982274,0.440110597185452,4160.34,0.00492130931005885,460156.7
2015-03-01,1.20784535571898,630.401,577.34,0.0568057292306727,0.0739698781026956,0.133650877431722,16768.3063354876,80.7,0.0733465150625658,113.572285646043,3.1389,92.9193218240265,0.639482191248405,4215.26,0.00712856624176439,501752.2
2015-04-01,0.671674923326798,639.559,584.654,0.0563858203286243,0.0752507008553527,0.133763376278346,58.9270040774718,80.5,0.0759458913086206,114.842883210707,3.0426,90.2286529465166,-0.913915657700841,4245.19,-0.00988511441304052,486614.6
2015-05-01,0.741307492227771,642.933,587.702,0.0571200042784159,0.0779342655475137,0.140864190743554,-5444.42519574048,79.3,0.077644292611009,118.693472997326,3.0611,89.8052048098617,-0.264721156724164,4276.6,-0.00280428122404786,483239.7
2015-06-01,0.955203032456795,645.114,591.034,0.060490653953277,0.0797572741541897,0.150764957286666,-4920.58274817531,79.1,0.0809581435830186,116.502403296507,3.1111,88.9405004667032,-0.14051841238242,4310.39,-0.00149152235019212,486647.5
2015-07-01,0.778445784283639,649.636,595.475,0.0629232145437757,0.0886486274862488,0.159706053677577,7259.71400462475,78.6,0.0838559999124765,109.743694975107,3.2225,87.4148285008707,-0.761119876117803,4337.11,-0.00861254105840636,502275.2
2015-08-01,0.434086981434197,651.148,597.481,0.0662146559233434,0.0860418663309392,0.157513792706542,-5975.29333300737,77.4,0.0865216781175908,102.520241451272,3.5137,88.3463921466489,1.00166541917851,4346.65,0.0114606595565618,492505.7
2015-09-01,0.650445906359334,656.475,601.126,0.0640962083653791,0.0837745555452796,0.16350888406319,-5935.78717139456,77.5,0.0894287312839663,102.36254837676,3.9058,86.5173515176116,-0.00536873161719598,4370.12,2.00402055225979e-05,496004.7
2015-10-01,0.821841257715359,673.696,612.453,0.0705626228613236,0.0822645193412954,0.175215837369663,13888.0568386067,77.8,0.0914959532854561,102.317376866191,3.8795,86.7097336490039,0.992522046600882,4405.95,0.0116209724595615,518828.9
2015-11-01,1.00616632189825,688.181,622.479,0.0797437542500428,0.0850619025307648,0.179533052022431,7217.03339081776,77.4,0.0948184793500991,96.2261494358763,3.7758,85.3090239829533,0.373925993408633,4450.45,0.00450646563613866,513819.8
2015-12-01,0.807498967908227,693.688,627.53,0.0828557169685131,0.0866716274380896,0.180707534798516,14874.6195602983,77.7,0.0973256068544819,90.7535910628681,3.8705,82.6883912723621,-1.56614521766963,4493.17,-0.0186742804692157,521918.7
2016-01-01,1.06351983941094,698.069,631.847,0.0894407233223242,0.085921089560234,0.172068211373162,-16616.7672623468,77.5,0.0975393055778895,85.3222816113211,4.0517,83.9644486180253,0.183917756340463,4550.23,0.00224282730174252,490284
2016-02-01,0.75421217700281,709.888,641.613,0.0945310617253612,0.0853841428189561,0.149398532184738,-16865.0593218225,77.9,0.10007673260334,87.3708316514425,3.9731,82.0209491320382,-1.48469156273838,4591.18,-0.0179160778367855,491011.7
2016-03-01,0.353723017750307,713.894,645.325,0.0980137100275598,0.0821541533055583,0.10803086055425,6502.94134986599,77.5,0.104403217281174,93.6085981249725,3.7033,83.7976439910045,0.362013710624794,4610.92,0.00434446323022009,516985.9
2016-04-01,0.58481775926697,716.412,647.932,0.096377000731086,0.0814022097803306,0.107041350954629,-5960.7104987675,77.43,0.106312682219944,96.7585413314274,3.5652,83.8777319122707,0.408064060945534,4639.05,0.00490028010186272,508058.7
2016-05-01,0.759549474705196,720.975,651.796,0.0955067739222915,0.0819406494386556,0.109010007773161,-4985.55030183733,76.84,0.108652921459278,100.582061462381,3.5387,82.7077411968283,-0.825171858634448,4675.23,-0.00988811095862197,513267.5
2016-06-01,0.516458866619636,734.586,661.042,0.0942010447519426,0.0771052805614343,0.0993588130852616,13936.4462656165,77.5,0.111193777930388,103.209159081305,3.4239,85.381638551829,1.80181532977025,4691.59,0.0213823589223301,536459.3
2016-07-01,0.625601824393498,743.598,668.022,0.09888270096332,0.0786072201956838,0.0855584207494082,7137.94993552461,76.46,0.115068235274485,102.828188816606,3.275,84.1913247896448,0.685713783182749,4715.99,0.00823573719584214,532947.8
2016-08-01,0.621183809398137,739.346,666.217,0.100195844999523,0.0836771811266963,0.08490916332073,6666.13961650792,76.8,0.117772151819962,103.305821882103,3.2091,82.8331608032326,-0.501692781106399,4736.74,-0.00598439181707278,534761.8
2016-09-01,0.188151942431659,742.257,668.621,0.0947200544112319,0.0796827543781717,0.0789965588832899,-19899.387530639,76.81,0.11876694619852,103.356382500998,3.2558,83.5880540169429,0.446693850998813,4740.53,0.00540119951776052,509975
2016-10-01,0.257131259709076,743.138,669.418,0.0848557584461442,0.0787143325335034,0.0699508238497486,-6956.04163611878,76.22,0.120760354430101,106.569699326977,3.1852,82.4891724712219,-0.473747569232359,4752.86,-0.00569964386967037,525162.7
2016-11-01,0.199689294547024,742.712,669.82,0.0739149548707529,0.0718687482715157,0.0607426210923123,7157.97891406121,76.27,0.122940307922424,105.445641197298,3.3414,82.2199161267025,-0.64947754590149,4761.42,-0.00785579120162172,541530.7
2016-12-01,0.156727114728029,744.339,671.15,0.0676359951702896,0.0635063513612404,0.055044809340697,30099.5970534363,76.99,0.127767862307898,111.642793013169,3.3517,82.5096850290318,-0.386942952960183,4775.7,-0.00467319603355154,565780.5
2017-01-01,0.223029261469648,752.411,677.037,0.0604422528326383,0.0526906765794271,0.0451942681232655,-9037.08404824417,77.3,0.128385397687432,115.91232862639,3.196,83.4762495776806,0.442410079267944,4793.85,0.00532345643980658,526564.7
2017-02-01,0.212672073346133,752.169,677.983,0.0480602831280812,0.0474829459146429,0.0471724224308996,-21734.4150596758,76.45,0.12990006691842,116.369677522492,3.1036,84.1763512635053,0.933887765935026,4809.67,0.0111812795021704,514120.5
2017-03-01,0.188846790539834,751.246,678.33,0.0377760162998844,0.0464407780249654,0.0560004516846324,6801.88679283799,76.94,0.130579959310203,110.868620380905,3.1273,82.8752143760764,-0.640484493677619,4821.69,-0.0076470874710779,544312.9
2017-04-01,0.116563753407339,741.54,673.156,0.0329217694083546,0.0466486732823463,0.0424713963397807,-14842.2349238703,76.33,0.131507574460026,110.97639080643,3.1356,82.5931337492938,-1.32066088083867,4828.44,-0.0157782076714179,525238.1
2017-05-01,0.287182807071954,728.619,665.725,0.0258448552896793,0.0398772824429559,0.0441163216200009,5326.20985727513,77.3,0.129546471139682,108.838276312397,3.2087,84.8021420153523,0.351126939182762,4843.41,0.00425728666086833,548887.7
2017-06-01,-0.0585339194984015,720.076,661.572,0.0176837983661335,0.0388398948906385,0.0329710256889018,9900.13572637527,77.31,0.128326417336275,105.644050261,3.2948,85.0255105148063,-0.0212948053770816,4832.27,-0.000141105307911893,556787.6
2017-07-01,0.314001882795635,710.605,656.046,0.00437415193946844,0.0349135057911913,0.0472402951128323,8084.55261090409,77.47,0.12726934064048,108.48214300067,3.2055,86.3112004923254,0.665380237836644,4843.87,0.00782913631208526,557458.2
2017-08-01,0.353078047812228,707.620459,654.9307218,-0.00441686908407191,0.0271871955249818,0.062594805723404,4532.47267334815,77.66,0.126025026886509,111.37236548452,3.1503,85.9350469645889,-0.256138908573504,4853.07,-0.00291374231542818,555578.7
2017-09-01,0.247041873412106,711.454,657.528,-0.00401847647466169,0.0296521982939655,0.061218524715692,-23640.6366859368,77.63,0.125028613430679,114.568117364868,3.1342,86.7322092567252,0.0584089347288739,4860.83,0.000716455985460662,528871.2
2017-10-01,0.400968625941432,716.2207418,660.7498872,-0.00451606916227443,0.0311928250245792,0.0658628070995677,-5397.82496340608,77.84,0.124933667432002,116.086469167286,3.1906,86.5255011869023,-0.540670613643783,4881.25,-0.00618266857609662,549304.7
2017-11-01,0.312908393884257,717.71,662.375,-0.00700179611702312,0.0288260517508976,0.0775615607196989,9356.27969276591,78.08,0.12504710386315,120.849389666473,3.2587,87.0957150060503,-0.249287075153603,4894.92,-0.00276969008924155,566209.3
2017-12-01,0.286340163319649,726.485,668.323,-0.00531908384967716,0.0295428609837289,0.0799324332405342,31082.295530315,77.83,0.125436246169001,122.578065105907,3.2913,89.8349945840553,2.38682005123792,4916.46,0.0271101272292746,588892.8
2018-01-01,0.17737815964705,734.22,673.597,-0.00760137246414838,0.0329318798777407,0.0735042639950547,-1449.30986160215,77.99,0.124390848678724,129.840205646033,3.21,87.7412829614205,0.44560844391647,4930.72,0.00541922345335433,555644.6
2018-02-01,0.226711503429908,734.883,675.15,-0.00839624521347637,0.033342710892905,0.0731840698419446,-27548.277308527,77.83,0.123905149571199,126.82234293578,3.2409,86.4381153578501,-0.540738009123814,4946.5,-0.00571172324677516,528905.5
2018-03-01,0.0263179166457469,739.539,678.196,-0.00869402411881748,0.0309757272906208,0.0705139263560721,2584.10813039111,78.23,0.12589206003054,126.364721476102,3.2786,86.7138437816328,0.0927881218605933,4950.95,0.00182193174818135,560120.7
2018-04-01,0.187629275625444,744.714,681.977,-0.00889226548985644,0.0256513914261747,0.0834376357285802,-651.161281769862,78.11,0.123056509871542,128.366239333189,3.4069,88.2192700326193,1.91246730049753,4961.84,0.0228830476842177,559359.8
2018-05-01,0.381468244313325,756.226,689.554,-0.00889226548985678,0.0286311440159714,0.0814107240429907,-16714.5238983134,75.87,0.123530958376597,133.050513850255,3.6355,78.1160654568412,-8.01121235082269,4981.69,-0.0965433892980743,547016.5
2018-06-01,1.41484192103747,775.145,702.369,0.0073016559942205,0.0310964073928826,0.1176140476673,12193.6332040585,77.63,0.122422178875638,131.967667620008,3.7726,88.6944408660354,2.38346778161618,5044.46,0.0282260021940361,580697.8
2018-07-01,0.385351243471784,782.803,708.914,0.0157961183075939,0.0281110044561421,0.113310439071424,10117.071772025,77.87,0.122396071755549,130.274712511537,3.8281,88.9669732698527,2.45577167781026,5061.11,0.0287687661721439,583054.8
2018-08-01,0.0692811178484508,787.839,712.494,0.0193635339348031,0.0279047842165561,0.0956909580244862,6242.19007700845,78.34,0.121123759149739,127.977182808237,3.9292,87.9598047755829,1.40740312793221,5056.56,0.0166807473243251,582756.7
2018-09-01,0.554616127260457,801.724,721.077,0.0214022610026727,0.0294427963625159,0.103561044714207,-22667.0866818705,77.5,0.120065652002457,132.425844075925,4.1159,86.2191940297713,-0.216134012237418,5080.83,-0.00213650981205049,556776.6
2018-10-01,0.435510687985016,817.144,731.423,0.025588754324787,0.0294427963625159,0.0987524998570648,9601.29761097301,77.6,0.119918844565268,133.426029349899,3.7578,85.6977290701167,-0.564053494050327,5103.69,-0.0063080084039715,591983.9
2018-11-01,-0.162455604571576,814.091,730.269,0.020659520299795,0.036238477954827,0.0735935401287942,9565.72267394722,77.4,0.121034934703284,121.852794668042,3.786,85.5758214231698,-0.542227856100027,5092.97,-0.00610552270169595,593926.9
2018-12-01,-0.0175457328846668,799.226,721.279,0.0170030626691065,0.039330496488609,0.0618087592272711,18056.5260718288,77.4,0.123153889969228,115.962828371247,3.8844,85.4854111821475,-0.564503851489206,5100.61,-0.00634671297270284,603155.2
2019-01-01,0.244244064699194,794.518,719.415,0.0181216541788916,0.0400538324873583,0.0602192251565712,-6548.54261867469,77.6,0.122380045866835,117.078243931293,3.7411,85.3383184284476,-0.725918036617088,5116.93,-0.00816602297315505,578452.6
2019-02-01,0.351476064772972,797.734,722.292,0.0203660105307892,0.042534827615049,0.0574777333759575,-17786.5340652597,77.5,0.121933653369853,119.011525008153,3.723,89.7048418863896,3.57750122807288,5138.93,0.0410778158624527,567984.5
2019-03-01,0.665702682668582,813.122,732.383,0.0269048534940382,0.0504438560537337,0.062963999178167,-9468.03472919844,77.2,0.120491553824265,119.910036313747,3.8459,81.7405918872609,-4.41284424078114,5177.47,-0.0521746050921328,579172.6
2019-04-01,0.520969604766225,822.801,739.691,0.0307047814447619,0.053380107223695,0.0675074834688894,-649.215381282615,77.8,0.120514072827977,123.416730613218,3.8956,87.6309690163235,1.31738459557268,5206.98,0.0154995541014369,592916
2019-05-01,0.127346565978572,829.683,744.869,0.0319413798628116,0.046645882185006,0.065296014873363,4787.12751689146,78,0.119552101269542,120.477540814855,4.0009,87.5825044006275,1.12048527945963,5213.75,0.0131414091623148,604607.4
2019-06-01,0.157802755278774,835.679,748.534,0.0189136161166394,0.0433092943956137,0.0374397038199861,-8351.69092904078,77.6,0.118499131808975,115.528942429291,3.8582,86.3544817456727,-0.193076026792184,5214.27,-0.00205641518819011,598283
2019-07-01,0.240579404748643,841.719,753.087,0.0126246520350837,0.0483236977330512,0.0324010929083818,13468.6440945838,77.8,0.117490917629354,117.967954420674,3.7787,86.2896631669317,-0.309801974470929,5224.18,-0.00347740704121957,627049.7
2019-08-01,0.258999809074966,834.693,749.552,0.0134346707548394,0.0495855980613487,0.0373506786514499,-3474.72816812864,77.7,0.118125678404514,112.71228204303,4.0194,86.3602306525899,-0.272913107117063,5229.93,-0.00309571718506074,616157.6
2019-09-01,0.045162194729418,829.963,747.406,0.0128278236466031,0.0423723105846316,0.0287197894867588,-10540.5736116325,77.9,0.118953132389517,114.809066266979,4.1209,87.0828850751806,0.441131697098172,5227.84,0.00511274470203116,614187.9
2019-10-01,0.102795724306228,839.591,753.153,0.012021110923667,0.0385308986830748,0.022069024983413,12780.1161277606,78,0.118777028681781,113.021631908557,4.0864,87.4961407874665,0.897281319739406,5233.07,0.0103326621063875,641340.1
2019-11-01,0.533395032991439,841.697,754.621,0.0262763635174199,0.0318233759868907,0.0424071661876286,4765.628550097,78.3,0.116986682189048,116.907999771541,4.1547,86.032925650904,-0.47677367980981,5259.76,-0.00550411912342508,634826.2
2019-12-01,0.945434954447581,860.737,767.394,0.0448278487662617,0.0335628640265355,0.0554490881538547,17261.5801007465,77.8,0.117040375854909,119.912673016631,4.1089,85.2310918021306,-1.21284036727617,5320.25,-0.0141076973783525,646343.1
2020-01-01,0.156043642973518,872.596,775.581,0.0406535465338758,0.0306875773705253,0.0603017276396198,-8069.06951052556,78.2,0.114468694324857,119.554725536022,4.1489,87.0564834480906,0.619497072020351,5331.42,0.00716106691758345,617747.2
2020-02-01,0.197271828947533,870.953,775.683,0.0523865859390618,-0.000757385856174353,0.155102119898289,-11886.7862655271,78.8,0.114035079724177,111.020260767082,4.3404,86.5371017700843,0.0998894476777537,5344.75,0.00117100917600776,609810.8
